sector,size_band,size_order,state,n_establishments,total_hours,total_cases,deaths,dart_cases
Accommodation and Food Services,Under 20,1,AK,24,397654.0,2.0,0.0,0.0
Accommodation and Food Services,Under 20,1,AL,36,433192.0,7.0,0.0,5.0
Accommodation and Food Services,Under 20,1,AR,17,213032.0,2.0,0.0,1.0
Accommodation and Food Services,Under 20,1,AZ,117,1272463.0,43.0,0.0,10.0
Accommodation and Food Services,Under 20,1,CA,546,6425636.0,157.0,0.0,74.0
Accommodation and Food Services,Under 20,1,CO,97,1060566.0,25.0,0.0,12.0
Accommodation and Food Services,Under 20,1,CT,79,683907.0,12.0,0.0,6.0
Accommodation and Food Services,Under 20,1,DC,63,672484.0,7.0,0.0,5.0
Accommodation and Food Services,Under 20,1,DE,21,242567.0,7.0,0.0,3.0
Accommodation and Food Services,Under 20,1,FL,248,3299029.0,50.0,0.0,27.0
Accommodation and Food Services,Under 20,1,GA,108,1018668.0,11.0,0.0,5.0
Accommodation and Food Services,Under 20,1,GU,6,84105.0,0.0,0.0,0.0
Accommodation and Food Services,Under 20,1,HI,76,959666.0,13.0,0.0,6.0
Accommodation and Food Services,Under 20,1,IA,48,672803.0,12.0,0.0,2.0
Accommodation and Food Services,Under 20,1,ID,23,290411.0,13.0,0.0,3.0
Accommodation and Food Services,Under 20,1,IL,137,1463311.0,25.0,0.0,9.0
Accommodation and Food Services,Under 20,1,IN,49,375923.0,7.0,0.0,4.0
Accommodation and Food Services,Under 20,1,KS,62,908822.0,17.0,0.0,10.0
Accommodation and Food Services,Under 20,1,KY,54,634043.0,6.0,0.0,2.0
Accommodation and Food Services,Under 20,1,LA,58,518289.0,9.0,0.0,5.0
Accommodation and Food Services,Under 20,1,MA,179,1644422.0,26.0,0.0,21.0
Accommodation and Food Services,Under 20,1,MD,144,1302906.0,11.0,0.0,9.0
Accommodation and Food Services,Under 20,1,ME,31,466477.0,12.0,0.0,7.0
Accommodation and Food Services,Under 20,1,MI,105,907323.0,19.0,0.0,14.0
Accommodation and Food Services,Under 20,1,MN,98,1019991.0,37.0,0.0,8.0
Accommodation and Food Services,Under 20,1,MO,109,1096147.0,19.0,0.0,5.0
Accommodation and Food Services,Under 20,1,MS,15,250026.0,0.0,0.0,0.0
Accommodation and Food Services,Under 20,1,MT,24,339771.0,13.0,0.0,5.0
Accommodation and Food Services,Under 20,1,NC,131,1145132.0,23.0,0.0,13.0
Accommodation and Food Services,Under 20,1,ND,7,49004.0,0.0,0.0,0.0
Accommodation and Food Services,Under 20,1,NE,37,389079.0,5.0,0.0,2.0
Accommodation and Food Services,Under 20,1,NH,40,342683.0,16.0,0.0,8.0
Accommodation and Food Services,Under 20,1,NJ,233,1991301.0,30.0,0.0,24.0
Accommodation and Food Services,Under 20,1,NM,32,335797.0,6.0,0.0,4.0
Accommodation and Food Services,Under 20,1,NV,48,810802.0,11.0,0.0,8.0
Accommodation and Food Services,Under 20,1,NY,314,3165540.0,49.0,0.0,30.0
Accommodation and Food Services,Under 20,1,OH,122,1013665.0,12.0,0.0,7.0
Accommodation and Food Services,Under 20,1,OK,60,638243.0,7.0,0.0,1.0
Accommodation and Food Services,Under 20,1,OR,46,608647.0,19.0,0.0,7.0
Accommodation and Food Services,Under 20,1,PA,311,3027461.0,48.0,0.0,29.0
Accommodation and Food Services,Under 20,1,PR,3,27901.0,0.0,0.0,0.0
Accommodation and Food Services,Under 20,1,RI,19,162673.0,5.0,0.0,3.0
Accommodation and Food Services,Under 20,1,SC,54,726577.0,8.0,0.0,5.0
Accommodation and Food Services,Under 20,1,SD,20,207557.0,4.0,0.0,1.0
Accommodation and Food Services,Under 20,1,TN,58,807740.0,13.0,0.0,10.0
Accommodation and Food Services,Under 20,1,TX,301,3406617.0,46.0,0.0,22.0
Accommodation and Food Services,Under 20,1,UT,25,281467.0,5.0,0.0,3.0
Accommodation and Food Services,Under 20,1,VA,138,1822471.0,19.0,0.0,9.0
Accommodation and Food Services,Under 20,1,VT,15,254133.0,4.0,0.0,3.0
Accommodation and Food Services,Under 20,1,WA,84,973070.0,18.0,0.0,11.0
Accommodation and Food Services,Under 20,1,WI,53,710505.0,8.0,0.0,4.0
Accommodation and Food Services,Under 20,1,WV,24,293855.0,5.0,0.0,3.0
Accommodation and Food Services,Under 20,1,WY,14,111494.0,3.0,0.0,2.0
Accommodation and Food Services,20-99,2,AA,1,70281.0,1.0,0.0,1.0
Accommodation and Food Services,20-99,2,AK,36,2232557.0,25.0,0.0,10.0
Accommodation and Food Services,20-99,2,AL,115,5365656.0,72.0,0.0,45.0
Accommodation and Food Services,20-99,2,AR,90,4717082.0,55.0,0.0,24.0
Accommodation and Food Services,20-99,2,AZ,242,11778127.0,261.0,0.0,128.0
Accommodation and Food Services,20-99,2,CA,1224,63525017.0,1962.0,2.0,1232.0
Accommodation and Food Services,20-99,2,CO,185,9148176.0,200.0,0.0,101.0
Accommodation and Food Services,20-99,2,CT,101,4942079.0,120.0,0.0,75.0
Accommodation and Food Services,20-99,2,DC,69,3902506.0,52.0,0.0,30.0
Accommodation and Food Services,20-99,2,DE,26,1166388.0,25.0,0.0,6.0
Accommodation and Food Services,20-99,2,FL,742,41793538.0,833.0,0.0,422.0
Accommodation and Food Services,20-99,2,GA,223,11042544.0,177.0,0.0,90.0
Accommodation and Food Services,20-99,2,GU,8,320505.0,0.0,0.0,0.0
Accommodation and Food Services,20-99,2,HI,138,7474610.0,132.0,0.0,81.0
Accommodation and Food Services,20-99,2,IA,102,4501740.0,101.0,0.0,48.0
Accommodation and Food Services,20-99,2,ID,43,2253900.0,50.0,0.0,26.0
Accommodation and Food Services,20-99,2,IL,331,18748909.0,316.0,0.0,201.0
Accommodation and Food Services,20-99,2,IN,228,11196311.0,160.0,0.0,81.0
Accommodation and Food Services,20-99,2,KS,115,4484890.0,74.0,0.0,29.0
Accommodation and Food Services,20-99,2,KY,136,7454129.0,102.0,0.0,52.0
Accommodation and Food Services,20-99,2,LA,110,5654527.0,58.0,0.0,30.0
Accommodation and Food Services,20-99,2,MA,259,13016107.0,222.0,0.0,124.0
Accommodation and Food Services,20-99,2,MD,118,5651006.0,111.0,0.0,85.0
Accommodation and Food Services,20-99,2,ME,45,2137638.0,53.0,0.0,31.0
Accommodation and Food Services,20-99,2,MI,268,13637459.0,253.0,0.0,127.0
Accommodation and Food Services,20-99,2,MN,290,14286708.0,302.0,0.0,140.0
Accommodation and Food Services,20-99,2,MO,283,13329039.0,253.0,0.0,138.0
Accommodation and Food Services,20-99,2,MP,1,23322.0,0.0,0.0,0.0
Accommodation and Food Services,20-99,2,MS,61,3010463.0,29.0,0.0,20.0
Accommodation and Food Services,20-99,2,MT,39,1616357.0,36.0,0.0,20.0
Accommodation and Food Services,20-99,2,NC,300,14563793.0,224.0,0.0,111.0
Accommodation and Food Services,20-99,2,ND,15,535212.0,10.0,0.0,2.0
Accommodation and Food Services,20-99,2,NE,61,2850810.0,64.0,0.0,23.0
Accommodation and Food Services,20-99,2,NH,42,2137254.0,57.0,0.0,27.0
Accommodation and Food Services,20-99,2,NJ,210,9537986.0,198.0,1.0,111.0
Accommodation and Food Services,20-99,2,NM,50,2256495.0,54.0,0.0,31.0
Accommodation and Food Services,20-99,2,NV,120,6468342.0,159.0,0.0,90.0
Accommodation and Food Services,20-99,2,NY,595,32693391.0,623.0,0.0,330.0
Accommodation and Food Services,20-99,2,OH,326,14313826.0,199.0,0.0,106.0
Accommodation and Food Services,20-99,2,OK,73,3453632.0,62.0,0.0,35.0
Accommodation and Food Services,20-99,2,OR,169,8973673.0,239.0,0.0,134.0
Accommodation and Food Services,20-99,2,PA,454,23677985.0,386.0,0.0,226.0
Accommodation and Food Services,20-99,2,PR,45,3151504.0,139.0,0.0,105.0
Accommodation and Food Services,20-99,2,RI,43,2160951.0,92.0,0.0,51.0
Accommodation and Food Services,20-99,2,SC,156,9726904.0,153.0,0.0,87.0
Accommodation and Food Services,20-99,2,SD,27,1299405.0,33.0,0.0,10.0
Accommodation and Food Services,20-99,2,TN,215,11103260.0,170.0,1.0,103.0
Accommodation and Food Services,20-99,2,TX,703,40193165.0,720.0,0.0,406.0
Accommodation and Food Services,20-99,2,UT,89,5100343.0,94.0,0.0,39.0
Accommodation and Food Services,20-99,2,VA,234,13237610.0,213.0,0.0,127.0
Accommodation and Food Services,20-99,2,VI,3,174191.0,6.0,0.0,2.0
Accommodation and Food Services,20-99,2,VT,29,1217752.0,34.0,0.0,9.0
Accommodation and Food Services,20-99,2,WA,205,11824105.0,307.0,0.0,151.0
Accommodation and Food Services,20-99,2,WI,195,9268576.0,217.0,0.0,101.0
Accommodation and Food Services,20-99,2,WV,31,1471176.0,14.0,0.0,9.0
Accommodation and Food Services,20-99,2,WY,17,737266.0,5.0,0.0,3.0
Accommodation and Food Services,100-249,3,AK,12,2606104.0,35.0,0.0,27.0
Accommodation and Food Services,100-249,3,AL,15,2949847.0,28.0,0.0,19.0
Accommodation and Food Services,100-249,3,AR,13,2412346.0,41.0,0.0,27.0
Accommodation and Food Services,100-249,3,AZ,46,9047893.0,239.0,0.0,102.0
Accommodation and Food Services,100-249,3,CA,208,40818087.0,1496.0,0.0,1017.0
Accommodation and Food Services,100-249,3,CO,45,9051032.0,231.0,0.0,136.0
Accommodation and Food Services,100-249,3,CT,20,2787783.0,59.0,0.0,34.0
Accommodation and Food Services,100-249,3,DC,15,3303026.0,63.0,0.0,51.0
Accommodation and Food Services,100-249,3,DE,4,377462.0,12.0,0.0,10.0
Accommodation and Food Services,100-249,3,FL,142,31066278.0,750.0,10.0,445.0
Accommodation and Food Services,100-249,3,GA,45,8900279.0,184.0,0.0,86.0
Accommodation and Food Services,100-249,3,HI,29,7097781.0,158.0,0.0,107.0
Accommodation and Food Services,100-249,3,IA,6,785534.0,16.0,0.0,6.0
Accommodation and Food Services,100-249,3,ID,3,461820.0,17.0,0.0,12.0
Accommodation and Food Services,100-249,3,IL,65,13079250.0,352.0,0.0,233.0
Accommodation and Food Services,100-249,3,IN,24,4485254.0,93.0,0.0,51.0
Accommodation and Food Services,100-249,3,KS,3,554178.0,9.0,0.0,9.0
Accommodation and Food Services,100-249,3,KY,23,3344243.0,26.0,0.0,21.0
Accommodation and Food Services,100-249,3,LA,24,4632412.0,47.0,0.0,32.0
Accommodation and Food Services,100-249,3,MA,44,7577147.0,152.0,1.0,98.0
Accommodation and Food Services,100-249,3,MD,17,3274921.0,73.0,0.0,29.0
Accommodation and Food Services,100-249,3,ME,5,782793.0,25.0,0.0,10.0
Accommodation and Food Services,100-249,3,MI,46,9339832.0,199.0,0.0,84.0
Accommodation and Food Services,100-249,3,MN,43,6713065.0,161.0,0.0,62.0
Accommodation and Food Services,100-249,3,MO,35,4929445.0,111.0,0.0,63.0
Accommodation and Food Services,100-249,3,MS,10,1903979.0,19.0,0.0,11.0
Accommodation and Food Services,100-249,3,MT,5,724806.0,44.0,0.0,12.0
Accommodation and Food Services,100-249,3,NC,47,8873748.0,137.0,0.0,85.0
Accommodation and Food Services,100-249,3,ND,1,128219.0,2.0,0.0,0.0
Accommodation and Food Services,100-249,3,NE,13,2590602.0,42.0,0.0,20.0
Accommodation and Food Services,100-249,3,NH,8,746248.0,37.0,0.0,13.0
Accommodation and Food Services,100-249,3,NJ,29,5908884.0,175.0,0.0,81.0
Accommodation and Food Services,100-249,3,NM,13,2395152.0,54.0,0.0,29.0
Accommodation and Food Services,100-249,3,NV,23,4833175.0,90.0,0.0,65.0
Accommodation and Food Services,100-249,3,NY,101,19755304.0,676.0,0.0,340.0
Accommodation and Food Services,100-249,3,OH,44,5655223.0,105.0,0.0,50.0
Accommodation and Food Services,100-249,3,OK,13,1955936.0,53.0,0.0,13.0
Accommodation and Food Services,100-249,3,OR,17,2999695.0,74.0,0.0,52.0
Accommodation and Food Services,100-249,3,PA,67,11557457.0,236.0,0.0,156.0
Accommodation and Food Services,100-249,3,PR,4,959124.0,9.0,0.0,6.0
Accommodation and Food Services,100-249,3,RI,13,2452155.0,91.0,0.0,34.0
Accommodation and Food Services,100-249,3,SC,38,7509901.0,140.0,0.0,90.0
Accommodation and Food Services,100-249,3,SD,5,858011.0,11.0,0.0,3.0
Accommodation and Food Services,100-249,3,TN,51,9793724.0,191.0,0.0,95.0
Accommodation and Food Services,100-249,3,TX,142,29423846.0,638.0,0.0,424.0
Accommodation and Food Services,100-249,3,UT,16,3195032.0,93.0,0.0,43.0
Accommodation and Food Services,100-249,3,VA,50,9752189.0,200.0,0.0,131.0
Accommodation and Food Services,100-249,3,VI,1,220268.0,2.0,0.0,0.0
Accommodation and Food Services,100-249,3,VT,6,692741.0,23.0,0.0,17.0
Accommodation and Food Services,100-249,3,WA,39,7343604.0,148.0,0.0,88.0
Accommodation and Food Services,100-249,3,WI,34,5670712.0,122.0,0.0,58.0
Accommodation and Food Services,100-249,3,WV,4,678875.0,8.0,0.0,3.0
Accommodation and Food Services,100-249,3,WY,3,629573.0,8.0,0.0,8.0
Accommodation and Food Services,250+,4,AK,2,1414619.0,40.0,0.0,19.0
Accommodation and Food Services,250+,4,AL,7,5646734.0,89.0,0.0,73.0
Accommodation and Food Services,250+,4,AR,1,395879.0,2.0,0.0,2.0
Accommodation and Food Services,250+,4,AZ,30,26407127.0,535.0,0.0,343.0
Accommodation and Food Services,250+,4,CA,142,120093015.0,3571.0,4.0,2619.0
Accommodation and Food Services,250+,4,CO,25,20984774.0,539.0,0.0,373.0
Accommodation and Food Services,250+,4,CT,4,14401784.0,253.0,0.0,178.0
Accommodation and Food Services,250+,4,DC,12,5407938.0,126.0,0.0,76.0
Accommodation and Food Services,250+,4,DE,1,183116.0,7.0,0.0,6.0
Accommodation and Food Services,250+,4,FL,109,93361057.0,2423.0,1.0,1603.0
Accommodation and Food Services,250+,4,GA,13,9174303.0,153.0,0.0,97.0
Accommodation and Food Services,250+,4,GU,1,1644330.0,0.0,0.0,0.0
Accommodation and Food Services,250+,4,HI,31,27712397.0,910.0,0.0,609.0
Accommodation and Food Services,250+,4,IA,7,4529124.0,62.0,0.0,51.0
Accommodation and Food Services,250+,4,ID,2,2337655.0,75.0,0.0,51.0
Accommodation and Food Services,250+,4,IL,29,21921175.0,546.0,0.0,366.0
Accommodation and Food Services,250+,4,IN,16,13534359.0,134.0,1.0,83.0
Accommodation and Food Services,250+,4,KS,2,1825226.0,45.0,0.0,45.0
Accommodation and Food Services,250+,4,KY,10,4080682.0,50.0,0.0,28.0
Accommodation and Food Services,250+,4,LA,17,16756743.0,151.0,0.0,72.0
Accommodation and Food Services,250+,4,MA,21,16122331.0,340.0,0.0,262.0
Accommodation and Food Services,250+,4,MD,5,10833133.0,91.0,0.0,74.0
Accommodation and Food Services,250+,4,ME,1,688454.0,18.0,0.0,17.0
Accommodation and Food Services,250+,4,MI,27,23012860.0,404.0,0.0,273.0
Accommodation and Food Services,250+,4,MN,10,4527017.0,75.0,0.0,40.0
Accommodation and Food Services,250+,4,MO,14,12373821.0,149.0,0.0,98.0
Accommodation and Food Services,250+,4,MS,15,20288475.0,173.0,0.0,127.0
Accommodation and Food Services,250+,4,MT,2,2220018.0,141.0,0.0,138.0
Accommodation and Food Services,250+,4,NC,21,18140063.0,206.0,0.0,154.0
Accommodation and Food Services,250+,4,NH,1,637325.0,22.0,0.0,11.0
Accommodation and Food Services,250+,4,NJ,11,21825060.0,414.0,0.0,330.0
Accommodation and Food Services,250+,4,NM,2,743821.0,14.0,0.0,4.0
Accommodation and Food Services,250+,4,NV,86,196524981.0,4405.0,0.0,3102.0
Accommodation and Food Services,250+,4,NY,43,28090698.0,984.0,0.0,574.0
Accommodation and Food Services,250+,4,OH,15,8403418.0,100.0,0.0,70.0
Accommodation and Food Services,250+,4,OK,4,2457152.0,72.0,0.0,64.0
Accommodation and Food Services,250+,4,OR,6,5186010.0,90.0,0.0,54.0
Accommodation and Food Services,250+,4,PA,31,19169736.0,425.0,0.0,261.0
Accommodation and Food Services,250+,4,PR,6,4536808.0,342.0,0.0,157.0
Accommodation and Food Services,250+,4,RI,3,3009309.0,56.0,0.0,33.0
Accommodation and Food Services,250+,4,SC,10,7947720.0,130.0,0.0,53.0
Accommodation and Food Services,250+,4,SD,1,601788.0,34.0,0.0,13.0
Accommodation and Food Services,250+,4,TN,12,11174802.0,119.0,0.0,86.0
Accommodation and Food Services,250+,4,TX,53,42807789.0,892.0,0.0,703.0
Accommodation and Food Services,250+,4,UT,9,5533650.0,216.0,0.0,116.0
Accommodation and Food Services,250+,4,VA,23,19644157.0,441.0,0.0,240.0
Accommodation and Food Services,250+,4,VI,1,1014941.0,9.0,0.0,8.0
Accommodation and Food Services,250+,4,VT,3,2744203.0,128.0,0.0,86.0
Accommodation and Food Services,250+,4,WA,19,13398944.0,329.0,1.0,190.0
Accommodation and Food Services,250+,4,WI,14,9882053.0,144.0,1.0,63.0
Accommodation and Food Services,250+,4,WV,2,543204.0,27.0,0.0,21.0
Accommodation and Food Services,250+,4,WY,4,7765373.0,254.0,0.0,126.0
Administrative and Support and Waste Management and Remediation Services,Under 20,1,AK,91,1128005.0,10.0,0.0,2.0
Administrative and Support and Waste Management and Remediation Services,Under 20,1,AL,138,1505671.0,15.0,0.0,10.0
Administrative and Support and Waste Management and Remediation Services,Under 20,1,AR,67,782163.0,7.0,0.0,4.0
Administrative and Support and Waste Management and Remediation Services,Under 20,1,AZ,470,3955141.0,66.0,0.0,48.0
Administrative and Support and Waste Management and Remediation Services,Under 20,1,CA,3795,30753034.0,505.0,0.0,248.0
Administrative and Support and Waste Management and Remediation Services,Under 20,1,CO,327,2963871.0,55.0,0.0,33.0
Administrative and Support and Waste Management and Remediation Services,Under 20,1,CT,89,909044.0,30.0,0.0,18.0
Administrative and Support and Waste Management and Remediation Services,Under 20,1,DC,147,1251557.0,12.0,0.0,8.0
Administrative and Support and Waste Management and Remediation Services,Under 20,1,DE,89,903443.0,12.0,0.0,5.0
Administrative and Support and Waste Management and Remediation Services,Under 20,1,FL,621,7365417.0,100.0,0.0,72.0
Administrative and Support and Waste Management and Remediation Services,Under 20,1,GA,556,5916236.0,90.0,0.0,61.0
Administrative and Support and Waste Management and Remediation Services,Under 20,1,HI,93,580888.0,3.0,0.0,2.0
Administrative and Support and Waste Management and Remediation Services,Under 20,1,IA,110,1212711.0,19.0,0.0,13.0
Administrative and Support and Waste Management and Remediation Services,Under 20,1,ID,78,776029.0,9.0,0.0,7.0
Administrative and Support and Waste Management and Remediation Services,Under 20,1,IL,1014,10551639.0,140.0,1.0,99.0
Administrative and Support and Waste Management and Remediation Services,Under 20,1,IN,157,1796064.0,40.0,0.0,26.0
Administrative and Support and Waste Management and Remediation Services,Under 20,1,KS,72,850938.0,10.0,0.0,7.0
Administrative and Support and Waste Management and Remediation Services,Under 20,1,KY,182,2019858.0,25.0,0.0,19.0
Administrative and Support and Waste Management and Remediation Services,Under 20,1,LA,103,1262743.0,22.0,0.0,15.0
Administrative and Support and Waste Management and Remediation Services,Under 20,1,MA,137,1627399.0,34.0,0.0,23.0
Administrative and Support and Waste Management and Remediation Services,Under 20,1,MD,251,2476833.0,47.0,0.0,34.0
Administrative and Support and Waste Management and Remediation Services,Under 20,1,ME,24,279457.0,12.0,0.0,5.0
Administrative and Support and Waste Management and Remediation Services,Under 20,1,MI,206,2773299.0,45.0,0.0,28.0
Administrative and Support and Waste Management and Remediation Services,Under 20,1,MN,388,3494940.0,59.0,0.0,39.0
Administrative and Support and Waste Management and Remediation Services,Under 20,1,MO,188,2393464.0,26.0,0.0,16.0
Administrative and Support and Waste Management and Remediation Services,Under 20,1,MS,93,1350584.0,17.0,0.0,13.0
Administrative and Support and Waste Management and Remediation Services,Under 20,1,MT,35,292408.0,7.0,0.0,4.0
Administrative and Support and Waste Management and Remediation Services,Under 20,1,NC,330,4272857.0,44.0,0.0,30.0
Administrative and Support and Waste Management and Remediation Services,Under 20,1,ND,22,168863.0,0.0,0.0,0.0
Administrative and Support and Waste Management and Remediation Services,Under 20,1,NE,103,1036680.0,9.0,0.0,8.0
Administrative and Support and Waste Management and Remediation Services,Under 20,1,NH,14,185821.0,2.0,0.0,1.0
Administrative and Support and Waste Management and Remediation Services,Under 20,1,NJ,207,2047524.0,26.0,0.0,10.0
Administrative and Support and Waste Management and Remediation Services,Under 20,1,NM,39,260652.0,5.0,0.0,1.0
Administrative and Support and Waste Management and Remediation Services,Under 20,1,NV,190,1459332.0,26.0,0.0,18.0
Administrative and Support and Waste Management and Remediation Services,Under 20,1,NY,831,7452332.0,72.0,0.0,53.0
Administrative and Support and Waste Management and Remediation Services,Under 20,1,OH,539,5103070.0,46.0,0.0,32.0
Administrative and Support and Waste Management and Remediation Services,Under 20,1,OK,90,1075245.0,24.0,0.0,18.0
Administrative and Support and Waste Management and Remediation Services,Under 20,1,OR,224,2116474.0,32.0,0.0,24.0
Administrative and Support and Waste Management and Remediation Services,Under 20,1,PA,529,5577417.0,78.0,0.0,51.0
Administrative and Support and Waste Management and Remediation Services,Under 20,1,PR,48,983050.0,76.0,0.0,72.0
Administrative and Support and Waste Management and Remediation Services,Under 20,1,RI,11,109926.0,0.0,0.0,0.0
Administrative and Support and Waste Management and Remediation Services,Under 20,1,SC,198,1956800.0,29.0,0.0,17.0
Administrative and Support and Waste Management and Remediation Services,Under 20,1,SD,11,125462.0,5.0,0.0,5.0
Administrative and Support and Waste Management and Remediation Services,Under 20,1,TN,282,2812318.0,30.0,0.0,19.0
Administrative and Support and Waste Management and Remediation Services,Under 20,1,TX,1489,13604363.0,136.0,0.0,101.0
Administrative and Support and Waste Management and Remediation Services,Under 20,1,UT,109,1055280.0,20.0,0.0,13.0
Administrative and Support and Waste Management and Remediation Services,Under 20,1,VA,389,3606302.0,38.0,0.0,23.0
Administrative and Support and Waste Management and Remediation Services,Under 20,1,VT,6,61624.0,1.0,0.0,1.0
Administrative and Support and Waste Management and Remediation Services,Under 20,1,WA,598,4974348.0,78.0,0.0,72.0
Administrative and Support and Waste Management and Remediation Services,Under 20,1,WI,215,2470175.0,31.0,0.0,23.0
Administrative and Support and Waste Management and Remediation Services,Under 20,1,WV,19,266863.0,2.0,0.0,2.0
Administrative and Support and Waste Management and Remediation Services,Under 20,1,WY,15,135195.0,0.0,0.0,0.0
Administrative and Support and Waste Management and Remediation Services,20-99,2,AK,49,3205852.0,25.0,0.0,20.0
Administrative and Support and Waste Management and Remediation Services,20-99,2,AL,163,13634285.0,213.0,0.0,142.0
Administrative and Support and Waste Management and Remediation Services,20-99,2,AR,102,8495415.0,83.0,0.0,53.0
Administrative and Support and Waste Management and Remediation Services,20-99,2,AZ,189,15028577.0,240.0,0.0,175.0
Administrative and Support and Waste Management and Remediation Services,20-99,2,CA,1121,87042256.0,1909.0,1.0,1327.0
Administrative and Support and Waste Management and Remediation Services,20-99,2,CO,178,14439618.0,304.0,0.0,189.0
Administrative and Support and Waste Management and Remediation Services,20-99,2,CT,117,10095032.0,239.0,0.0,182.0
Administrative and Support and Waste Management and Remediation Services,20-99,2,DC,44,3295165.0,29.0,0.0,17.0
Administrative and Support and Waste Management and Remediation Services,20-99,2,DE,39,3608552.0,61.0,0.0,41.0
Administrative and Support and Waste Management and Remediation Services,20-99,2,FL,657,56856812.0,941.0,0.0,650.0
Administrative and Support and Waste Management and Remediation Services,20-99,2,GA,326,27112009.0,452.0,0.0,323.0
Administrative and Support and Waste Management and Remediation Services,20-99,2,GU,2,229721.0,3.0,0.0,0.0
Administrative and Support and Waste Management and Remediation Services,20-99,2,HI,36,2535167.0,50.0,0.0,34.0
Administrative and Support and Waste Management and Remediation Services,20-99,2,IA,99,7813967.0,144.0,0.0,79.0
Administrative and Support and Waste Management and Remediation Services,20-99,2,ID,52,4440175.0,86.0,0.0,49.0
Administrative and Support and Waste Management and Remediation Services,20-99,2,IL,451,38927317.0,744.0,1.0,481.0
Administrative and Support and Waste Management and Remediation Services,20-99,2,IN,253,21674833.0,336.0,0.0,219.0
Administrative and Support and Waste Management and Remediation Services,20-99,2,KS,82,6180325.0,114.0,0.0,79.0
Administrative and Support and Waste Management and Remediation Services,20-99,2,KY,155,13039638.0,232.0,0.0,150.0
Administrative and Support and Waste Management and Remediation Services,20-99,2,LA,113,8246110.0,84.0,0.0,42.0
Administrative and Support and Waste Management and Remediation Services,20-99,2,MA,180,15570739.0,281.0,0.0,188.0
Administrative and Support and Waste Management and Remediation Services,20-99,2,MD,193,16661064.0,304.0,2.0,234.0
Administrative and Support and Waste Management and Remediation Services,20-99,2,ME,36,2769320.0,113.0,0.0,83.0
Administrative and Support and Waste Management and Remediation Services,20-99,2,MI,339,29862780.0,462.0,2.0,308.0
Administrative and Support and Waste Management and Remediation Services,20-99,2,MN,195,14679144.0,342.0,0.0,215.0
Administrative and Support and Waste Management and Remediation Services,20-99,2,MO,156,12426727.0,200.0,1.0,138.0
Administrative and Support and Waste Management and Remediation Services,20-99,2,MS,83,6411510.0,93.0,0.0,59.0
Administrative and Support and Waste Management and Remediation Services,20-99,2,MT,25,1773248.0,45.0,0.0,31.0
Administrative and Support and Waste Management and Remediation Services,20-99,2,NC,289,25500013.0,398.0,0.0,272.0
Administrative and Support and Waste Management and Remediation Services,20-99,2,ND,12,863831.0,17.0,0.0,7.0
Administrative and Support and Waste Management and Remediation Services,20-99,2,NE,55,4442226.0,56.0,0.0,36.0
Administrative and Support and Waste Management and Remediation Services,20-99,2,NH,30,2237927.0,70.0,0.0,50.0
Administrative and Support and Waste Management and Remediation Services,20-99,2,NJ,238,20756912.0,386.0,0.0,273.0
Administrative and Support and Waste Management and Remediation Services,20-99,2,NM,45,2678230.0,58.0,0.0,36.0
Administrative and Support and Waste Management and Remediation Services,20-99,2,NV,66,5414610.0,137.0,0.0,88.0
Administrative and Support and Waste Management and Remediation Services,20-99,2,NY,376,30941977.0,489.0,0.0,367.0
Administrative and Support and Waste Management and Remediation Services,20-99,2,OH,449,34849353.0,547.0,1.0,343.0
Administrative and Support and Waste Management and Remediation Services,20-99,2,OK,92,7120517.0,86.0,1.0,60.0
Administrative and Support and Waste Management and Remediation Services,20-99,2,OR,130,9531647.0,207.0,0.0,117.0
Administrative and Support and Waste Management and Remediation Services,20-99,2,PA,405,31842594.0,669.0,1.0,477.0
Administrative and Support and Waste Management and Remediation Services,20-99,2,PR,50,3518631.0,130.0,0.0,125.0
Administrative and Support and Waste Management and Remediation Services,20-99,2,RI,30,2267294.0,52.0,0.0,35.0
Administrative and Support and Waste Management and Remediation Services,20-99,2,SC,146,12068663.0,207.0,0.0,152.0
Administrative and Support and Waste Management and Remediation Services,20-99,2,SD,16,1442528.0,19.0,0.0,11.0
Administrative and Support and Waste Management and Remediation Services,20-99,2,TN,221,17912014.0,292.0,0.0,186.0
Administrative and Support and Waste Management and Remediation Services,20-99,2,TX,991,83602213.0,1139.0,1.0,769.0
Administrative and Support and Waste Management and Remediation Services,20-99,2,UT,71,5362865.0,93.0,0.0,63.0
Administrative and Support and Waste Management and Remediation Services,20-99,2,VA,285,23793225.0,357.0,0.0,250.0
Administrative and Support and Waste Management and Remediation Services,20-99,2,VI,1,98016.0,0.0,0.0,0.0
Administrative and Support and Waste Management and Remediation Services,20-99,2,VT,7,342784.0,6.0,0.0,5.0
Administrative and Support and Waste Management and Remediation Services,20-99,2,WA,209,16207880.0,367.0,0.0,277.0
Administrative and Support and Waste Management and Remediation Services,20-99,2,WI,190,15270393.0,303.0,0.0,199.0
Administrative and Support and Waste Management and Remediation Services,20-99,2,WV,29,2568844.0,44.0,0.0,32.0
Administrative and Support and Waste Management and Remediation Services,20-99,2,WY,6,344230.0,6.0,0.0,5.0
Administrative and Support and Waste Management and Remediation Services,100-249,3,AK,6,1191503.0,14.0,0.0,7.0
Administrative and Support and Waste Management and Remediation Services,100-249,3,AL,27,6605613.0,89.0,0.0,55.0
Administrative and Support and Waste Management and Remediation Services,100-249,3,AR,11,3407529.0,22.0,0.0,16.0
Administrative and Support and Waste Management and Remediation Services,100-249,3,AZ,62,17210094.0,279.0,1.0,184.0
Administrative and Support and Waste Management and Remediation Services,100-249,3,CA,255,70851903.0,1571.0,1.0,1043.0
Administrative and Support and Waste Management and Remediation Services,100-249,3,CO,42,11456784.0,165.0,0.0,86.0
Administrative and Support and Waste Management and Remediation Services,100-249,3,CT,18,5696685.0,86.0,0.0,60.0
Administrative and Support and Waste Management and Remediation Services,100-249,3,DC,8,1880330.0,26.0,0.0,23.0
Administrative and Support and Waste Management and Remediation Services,100-249,3,DE,6,1526564.0,16.0,0.0,10.0
Administrative and Support and Waste Management and Remediation Services,100-249,3,FL,159,47694814.0,672.0,2.0,453.0
Administrative and Support and Waste Management and Remediation Services,100-249,3,GA,57,15218654.0,146.0,0.0,86.0
Administrative and Support and Waste Management and Remediation Services,100-249,3,GU,2,594390.0,4.0,0.0,2.0
Administrative and Support and Waste Management and Remediation Services,100-249,3,HI,10,2848982.0,72.0,0.0,54.0
Administrative and Support and Waste Management and Remediation Services,100-249,3,IA,18,4403937.0,46.0,0.0,29.0
Administrative and Support and Waste Management and Remediation Services,100-249,3,ID,10,2711021.0,35.0,0.0,15.0
Administrative and Support and Waste Management and Remediation Services,100-249,3,IL,74,19382852.0,279.0,0.0,192.0
Administrative and Support and Waste Management and Remediation Services,100-249,3,IN,42,11664235.0,106.0,0.0,65.0
Administrative and Support and Waste Management and Remediation Services,100-249,3,KS,13,3548477.0,46.0,0.0,27.0
Administrative and Support and Waste Management and Remediation Services,100-249,3,KY,33,8002986.0,183.0,0.0,147.0
Administrative and Support and Waste Management and Remediation Services,100-249,3,LA,20,6626947.0,61.0,0.0,46.0
Administrative and Support and Waste Management and Remediation Services,100-249,3,MA,31,8511712.0,132.0,0.0,78.0
Administrative and Support and Waste Management and Remediation Services,100-249,3,MD,31,7520709.0,254.0,0.0,234.0
Administrative and Support and Waste Management and Remediation Services,100-249,3,ME,1,129799.0,5.0,0.0,3.0
Administrative and Support and Waste Management and Remediation Services,100-249,3,MI,65,18032085.0,237.0,2.0,149.0
Administrative and Support and Waste Management and Remediation Services,100-249,3,MN,42,11326794.0,124.0,0.0,75.0
Administrative and Support and Waste Management and Remediation Services,100-249,3,MO,26,5952561.0,92.0,0.0,74.0
Administrative and Support and Waste Management and Remediation Services,100-249,3,MS,16,4129888.0,60.0,0.0,35.0
Administrative and Support and Waste Management and Remediation Services,100-249,3,MT,3,827737.0,4.0,0.0,2.0
Administrative and Support and Waste Management and Remediation Services,100-249,3,NC,49,13029105.0,164.0,0.0,117.0
Administrative and Support and Waste Management and Remediation Services,100-249,3,NE,13,3801842.0,48.0,3.0,24.0
Administrative and Support and Waste Management and Remediation Services,100-249,3,NH,7,3029470.0,48.0,0.0,32.0
Administrative and Support and Waste Management and Remediation Services,100-249,3,NJ,57,15865349.0,234.0,0.0,155.0
Administrative and Support and Waste Management and Remediation Services,100-249,3,NM,6,1141480.0,10.0,0.0,2.0
Administrative and Support and Waste Management and Remediation Services,100-249,3,NV,28,6822476.0,125.0,0.0,86.0
Administrative and Support and Waste Management and Remediation Services,100-249,3,NY,53,16725914.0,228.0,0.0,194.0
Administrative and Support and Waste Management and Remediation Services,100-249,3,OH,89,23809136.0,289.0,0.0,203.0
Administrative and Support and Waste Management and Remediation Services,100-249,3,OK,19,4579741.0,44.0,0.0,32.0
Administrative and Support and Waste Management and Remediation Services,100-249,3,OR,26,7467855.0,149.0,0.0,92.0
Administrative and Support and Waste Management and Remediation Services,100-249,3,PA,79,20811985.0,272.0,1.0,188.0
Administrative and Support and Waste Management and Remediation Services,100-249,3,PR,5,1013275.0,30.0,0.0,28.0
Administrative and Support and Waste Management and Remediation Services,100-249,3,RI,5,1224070.0,22.0,0.0,12.0
Administrative and Support and Waste Management and Remediation Services,100-249,3,SC,20,5856743.0,54.0,0.0,42.0
Administrative and Support and Waste Management and Remediation Services,100-249,3,SD,1,167540.0,11.0,0.0,10.0
Administrative and Support and Waste Management and Remediation Services,100-249,3,TN,43,12146629.0,196.0,0.0,113.0
Administrative and Support and Waste Management and Remediation Services,100-249,3,TX,194,57401706.0,746.0,0.0,523.0
Administrative and Support and Waste Management and Remediation Services,100-249,3,UT,17,4450377.0,47.0,0.0,36.0
Administrative and Support and Waste Management and Remediation Services,100-249,3,VA,54,12260925.0,147.0,0.0,105.0
Administrative and Support and Waste Management and Remediation Services,100-249,3,VT,3,465502.0,19.0,0.0,9.0
Administrative and Support and Waste Management and Remediation Services,100-249,3,WA,36,9117769.0,217.0,0.0,149.0
Administrative and Support and Waste Management and Remediation Services,100-249,3,WI,32,7703670.0,140.0,0.0,76.0
Administrative and Support and Waste Management and Remediation Services,100-249,3,WV,2,286352.0,2.0,0.0,1.0
Administrative and Support and Waste Management and Remediation Services,250+,4,AK,1,610099.0,8.0,0.0,7.0
Administrative and Support and Waste Management and Remediation Services,250+,4,AL,15,12065711.0,207.0,0.0,162.0
Administrative and Support and Waste Management and Remediation Services,250+,4,AR,7,5342282.0,22.0,0.0,13.0
Administrative and Support and Waste Management and Remediation Services,250+,4,AZ,26,19164500.0,282.0,1.0,190.0
Administrative and Support and Waste Management and Remediation Services,250+,4,CA,143,146145112.0,2892.0,0.0,1726.0
Administrative and Support and Waste Management and Remediation Services,250+,4,CO,18,21711389.0,176.0,0.0,140.0
Administrative and Support and Waste Management and Remediation Services,250+,4,CT,10,3672575.0,34.0,0.0,28.0
Administrative and Support and Waste Management and Remediation Services,250+,4,DC,2,2267996.0,5.0,0.0,5.0
Administrative and Support and Waste Management and Remediation Services,250+,4,DE,5,5918269.0,1.0,0.0,1.0
Administrative and Support and Waste Management and Remediation Services,250+,4,FL,74,90523392.0,914.0,0.0,550.0
Administrative and Support and Waste Management and Remediation Services,250+,4,GA,26,39153628.0,184.0,0.0,93.0
Administrative and Support and Waste Management and Remediation Services,250+,4,GU,2,1507889.0,3.0,0.0,1.0
Administrative and Support and Waste Management and Remediation Services,250+,4,HI,1,636655.0,4.0,0.0,3.0
Administrative and Support and Waste Management and Remediation Services,250+,4,IA,9,15406884.0,202.0,0.0,115.0
Administrative and Support and Waste Management and Remediation Services,250+,4,ID,1,530478.0,7.0,0.0,1.0
Administrative and Support and Waste Management and Remediation Services,250+,4,IL,55,90291127.0,551.0,0.0,331.0
Administrative and Support and Waste Management and Remediation Services,250+,4,IN,28,38964507.0,800.0,1.0,602.0
Administrative and Support and Waste Management and Remediation Services,250+,4,KS,9,6966886.0,63.0,0.0,27.0
Administrative and Support and Waste Management and Remediation Services,250+,4,KY,16,8980770.0,100.0,0.0,63.0
Administrative and Support and Waste Management and Remediation Services,250+,4,LA,7,7481557.0,10.0,0.0,5.0
Administrative and Support and Waste Management and Remediation Services,250+,4,MA,18,15608509.0,81.0,0.0,37.0
Administrative and Support and Waste Management and Remediation Services,250+,4,MD,23,26413102.0,235.0,0.0,132.0
Administrative and Support and Waste Management and Remediation Services,250+,4,ME,2,959300.0,2.0,0.0,1.0
Administrative and Support and Waste Management and Remediation Services,250+,4,MI,42,59614176.0,493.0,0.0,362.0
Administrative and Support and Waste Management and Remediation Services,250+,4,MN,22,24557864.0,170.0,0.0,106.0
Administrative and Support and Waste Management and Remediation Services,250+,4,MO,18,15737630.0,148.0,0.0,78.0
Administrative and Support and Waste Management and Remediation Services,250+,4,MS,7,2364680.0,6.0,0.0,5.0
Administrative and Support and Waste Management and Remediation Services,250+,4,NC,37,27011361.0,276.0,1.0,176.0
Administrative and Support and Waste Management and Remediation Services,250+,4,ND,1,530630.0,0.0,0.0,0.0
Administrative and Support and Waste Management and Remediation Services,250+,4,NE,8,16278803.0,107.0,0.0,41.0
Administrative and Support and Waste Management and Remediation Services,250+,4,NH,3,1543731.0,6.0,0.0,5.0
Administrative and Support and Waste Management and Remediation Services,250+,4,NJ,30,42561560.0,203.0,1.0,141.0
Administrative and Support and Waste Management and Remediation Services,250+,4,NM,6,3147656.0,61.0,0.0,31.0
Administrative and Support and Waste Management and Remediation Services,250+,4,NV,16,11028617.0,264.0,0.0,201.0
Administrative and Support and Waste Management and Remediation Services,250+,4,NY,44,75004140.0,817.0,1.0,612.0
Administrative and Support and Waste Management and Remediation Services,250+,4,OH,37,76438089.0,530.0,3.0,305.0
Administrative and Support and Waste Management and Remediation Services,250+,4,OK,8,10357212.0,29.0,1.0,15.0
Administrative and Support and Waste Management and Remediation Services,250+,4,OR,8,10272574.0,83.0,0.0,65.0
Administrative and Support and Waste Management and Remediation Services,250+,4,PA,42,85454896.0,448.0,1.0,194.0
Administrative and Support and Waste Management and Remediation Services,250+,4,PR,4,9684374.0,98.0,0.0,32.0
Administrative and Support and Waste Management and Remediation Services,250+,4,RI,3,32764033.0,15.0,0.0,11.0
Administrative and Support and Waste Management and Remediation Services,250+,4,SC,17,17410000.0,197.0,0.0,152.0
Administrative and Support and Waste Management and Remediation Services,250+,4,SD,2,3800287.0,0.0,0.0,0.0
Administrative and Support and Waste Management and Remediation Services,250+,4,TN,21,30771069.0,211.0,0.0,131.0
Administrative and Support and Waste Management and Remediation Services,250+,4,TX,115,176280916.0,1007.0,2.0,705.0
Administrative and Support and Waste Management and Remediation Services,250+,4,UT,9,10424349.0,112.0,0.0,73.0
Administrative and Support and Waste Management and Remediation Services,250+,4,VA,53,49732611.0,370.0,0.0,265.0
Administrative and Support and Waste Management and Remediation Services,250+,4,WA,16,33708372.0,827.0,0.0,595.0
Administrative and Support and Waste Management and Remediation Services,250+,4,WI,18,12662230.0,103.0,0.0,69.0
Administrative and Support and Waste Management and Remediation Services,250+,4,WV,2,1320865.0,7.0,0.0,6.0
"Agriculture, Forestry, Fishing and Hunting",Under 20,1,AK,12,258740.0,4.0,0.0,0.0
"Agriculture, Forestry, Fishing and Hunting",Under 20,1,AL,12,284497.0,3.0,0.0,2.0
"Agriculture, Forestry, Fishing and Hunting",Under 20,1,AR,10,201735.0,4.0,0.0,3.0
"Agriculture, Forestry, Fishing and Hunting",Under 20,1,AZ,28,573685.0,11.0,0.0,9.0
"Agriculture, Forestry, Fishing and Hunting",Under 20,1,CA,239,5097618.0,105.0,0.0,65.0
"Agriculture, Forestry, Fishing and Hunting",Under 20,1,CO,16,240150.0,3.0,0.0,3.0
"Agriculture, Forestry, Fishing and Hunting",Under 20,1,CT,5,44962.0,1.0,0.0,0.0
"Agriculture, Forestry, Fishing and Hunting",Under 20,1,DE,2,56632.0,0.0,0.0,0.0
"Agriculture, Forestry, Fishing and Hunting",Under 20,1,FL,33,651746.0,12.0,1.0,9.0
"Agriculture, Forestry, Fishing and Hunting",Under 20,1,GA,41,860112.0,5.0,0.0,3.0
"Agriculture, Forestry, Fishing and Hunting",Under 20,1,HI,3,106718.0,2.0,0.0,2.0
"Agriculture, Forestry, Fishing and Hunting",Under 20,1,IA,50,991734.0,26.0,0.0,18.0
"Agriculture, Forestry, Fishing and Hunting",Under 20,1,ID,26,590138.0,13.0,0.0,8.0
"Agriculture, Forestry, Fishing and Hunting",Under 20,1,IL,39,982705.0,19.0,0.0,12.0
"Agriculture, Forestry, Fishing and Hunting",Under 20,1,IN,31,783137.0,29.0,0.0,22.0
"Agriculture, Forestry, Fishing and Hunting",Under 20,1,KS,11,145267.0,5.0,0.0,1.0
"Agriculture, Forestry, Fishing and Hunting",Under 20,1,KY,6,161630.0,3.0,0.0,1.0
"Agriculture, Forestry, Fishing and Hunting",Under 20,1,LA,5,90010.0,2.0,0.0,2.0
"Agriculture, Forestry, Fishing and Hunting",Under 20,1,MA,2,27818.0,0.0,0.0,0.0
"Agriculture, Forestry, Fishing and Hunting",Under 20,1,MD,1,34951.0,0.0,0.0,0.0
"Agriculture, Forestry, Fishing and Hunting",Under 20,1,ME,5,103870.0,0.0,0.0,0.0
"Agriculture, Forestry, Fishing and Hunting",Under 20,1,MI,22,494046.0,10.0,0.0,7.0
"Agriculture, Forestry, Fishing and Hunting",Under 20,1,MN,75,1452816.0,45.0,0.0,34.0
"Agriculture, Forestry, Fishing and Hunting",Under 20,1,MO,24,525763.0,7.0,0.0,5.0
"Agriculture, Forestry, Fishing and Hunting",Under 20,1,MS,7,161008.0,3.0,0.0,3.0
"Agriculture, Forestry, Fishing and Hunting",Under 20,1,MT,4,48053.0,0.0,0.0,0.0
"Agriculture, Forestry, Fishing and Hunting",Under 20,1,NC,34,757198.0,7.0,0.0,3.0
"Agriculture, Forestry, Fishing and Hunting",Under 20,1,ND,9,269415.0,8.0,0.0,4.0
"Agriculture, Forestry, Fishing and Hunting",Under 20,1,NE,21,391263.0,15.0,0.0,13.0
"Agriculture, Forestry, Fishing and Hunting",Under 20,1,NH,1,29956.0,0.0,0.0,0.0
"Agriculture, Forestry, Fishing and Hunting",Under 20,1,NJ,4,121354.0,2.0,0.0,2.0
"Agriculture, Forestry, Fishing and Hunting",Under 20,1,NM,2,60741.0,1.0,0.0,0.0
"Agriculture, Forestry, Fishing and Hunting",Under 20,1,NV,3,66251.0,2.0,0.0,2.0
"Agriculture, Forestry, Fishing and Hunting",Under 20,1,NY,3,72882.0,2.0,0.0,0.0
"Agriculture, Forestry, Fishing and Hunting",Under 20,1,OH,21,522062.0,6.0,0.0,6.0
"Agriculture, Forestry, Fishing and Hunting",Under 20,1,OK,8,209073.0,4.0,1.0,1.0
"Agriculture, Forestry, Fishing and Hunting",Under 20,1,OR,62,1297360.0,32.0,0.0,15.0
"Agriculture, Forestry, Fishing and Hunting",Under 20,1,PA,21,710072.0,25.0,0.0,16.0
"Agriculture, Forestry, Fishing and Hunting",Under 20,1,PR,5,111546.0,2.0,0.0,2.0
"Agriculture, Forestry, Fishing and Hunting",Under 20,1,RI,1,22880.0,2.0,0.0,2.0
"Agriculture, Forestry, Fishing and Hunting",Under 20,1,SC,14,276337.0,6.0,0.0,6.0
"Agriculture, Forestry, Fishing and Hunting",Under 20,1,SD,8,82887.0,1.0,0.0,0.0
"Agriculture, Forestry, Fishing and Hunting",Under 20,1,TN,16,403719.0,0.0,0.0,0.0
"Agriculture, Forestry, Fishing and Hunting",Under 20,1,TX,31,755707.0,14.0,0.0,11.0
"Agriculture, Forestry, Fishing and Hunting",Under 20,1,UT,2,47146.0,0.0,0.0,0.0
"Agriculture, Forestry, Fishing and Hunting",Under 20,1,VA,13,384030.0,6.0,0.0,0.0
"Agriculture, Forestry, Fishing and Hunting",Under 20,1,VT,1,13293.0,0.0,0.0,0.0
"Agriculture, Forestry, Fishing and Hunting",Under 20,1,WA,77,1394365.0,41.0,0.0,27.0
"Agriculture, Forestry, Fishing and Hunting",Under 20,1,WI,25,569247.0,15.0,0.0,6.0
"Agriculture, Forestry, Fishing and Hunting",Under 20,1,WV,2,47431.0,0.0,0.0,0.0
"Agriculture, Forestry, Fishing and Hunting",Under 20,1,WY,9,221922.0,3.0,0.0,3.0
"Agriculture, Forestry, Fishing and Hunting",20-99,2,AK,4,188237.0,7.0,0.0,3.0
"Agriculture, Forestry, Fishing and Hunting",20-99,2,AL,50,4299716.0,50.0,0.0,18.0
"Agriculture, Forestry, Fishing and Hunting",20-99,2,AR,42,4255219.0,45.0,0.0,29.0
"Agriculture, Forestry, Fishing and Hunting",20-99,2,AZ,44,4381222.0,100.0,0.0,62.0
"Agriculture, Forestry, Fishing and Hunting",20-99,2,CA,556,50293493.0,1153.0,2.0,793.0
"Agriculture, Forestry, Fishing and Hunting",20-99,2,CO,32,2893170.0,70.0,0.0,45.0
"Agriculture, Forestry, Fishing and Hunting",20-99,2,CT,5,686754.0,9.0,0.0,5.0
"Agriculture, Forestry, Fishing and Hunting",20-99,2,DC,2,157152.0,6.0,1.0,4.0
"Agriculture, Forestry, Fishing and Hunting",20-99,2,DE,9,598156.0,2.0,0.0,2.0
"Agriculture, Forestry, Fishing and Hunting",20-99,2,FL,87,8531668.0,200.0,1.0,134.0
"Agriculture, Forestry, Fishing and Hunting",20-99,2,GA,79,7108179.0,98.0,0.0,66.0
"Agriculture, Forestry, Fishing and Hunting",20-99,2,HI,23,1598640.0,64.0,0.0,52.0
"Agriculture, Forestry, Fishing and Hunting",20-99,2,IA,91,8281098.0,155.0,0.0,96.0
"Agriculture, Forestry, Fishing and Hunting",20-99,2,ID,55,5154620.0,140.0,0.0,84.0
"Agriculture, Forestry, Fishing and Hunting",20-99,2,IL,61,5158408.0,99.0,0.0,50.0
"Agriculture, Forestry, Fishing and Hunting",20-99,2,IN,54,6126323.0,106.0,0.0,55.0
"Agriculture, Forestry, Fishing and Hunting",20-99,2,KS,54,5925223.0,132.0,1.0,99.0
"Agriculture, Forestry, Fishing and Hunting",20-99,2,KY,32,3258831.0,58.0,1.0,35.0
"Agriculture, Forestry, Fishing and Hunting",20-99,2,LA,10,1069897.0,14.0,0.0,7.0
"Agriculture, Forestry, Fishing and Hunting",20-99,2,MA,17,1349313.0,51.0,1.0,30.0
"Agriculture, Forestry, Fishing and Hunting",20-99,2,MD,19,1618973.0,26.0,0.0,19.0
"Agriculture, Forestry, Fishing and Hunting",20-99,2,ME,12,1345093.0,32.0,0.0,16.0
"Agriculture, Forestry, Fishing and Hunting",20-99,2,MI,82,7862803.0,177.0,0.0,101.0
"Agriculture, Forestry, Fishing and Hunting",20-99,2,MN,73,6109444.0,114.0,0.0,59.0
"Agriculture, Forestry, Fishing and Hunting",20-99,2,MO,62,4633292.0,102.0,0.0,67.0
"Agriculture, Forestry, Fishing and Hunting",20-99,2,MS,29,2628734.0,15.0,0.0,12.0
"Agriculture, Forestry, Fishing and Hunting",20-99,2,MT,4,219492.0,7.0,0.0,5.0
"Agriculture, Forestry, Fishing and Hunting",20-99,2,NC,94,7608388.0,84.0,0.0,42.0
"Agriculture, Forestry, Fishing and Hunting",20-99,2,ND,4,359249.0,4.0,0.0,1.0
"Agriculture, Forestry, Fishing and Hunting",20-99,2,NE,61,5515454.0,150.0,0.0,109.0
"Agriculture, Forestry, Fishing and Hunting",20-99,2,NH,6,498039.0,8.0,0.0,6.0
"Agriculture, Forestry, Fishing and Hunting",20-99,2,NJ,16,1797219.0,31.0,0.0,24.0
"Agriculture, Forestry, Fishing and Hunting",20-99,2,NM,8,1417653.0,29.0,0.0,17.0
"Agriculture, Forestry, Fishing and Hunting",20-99,2,NV,11,856839.0,18.0,0.0,10.0
"Agriculture, Forestry, Fishing and Hunting",20-99,2,NY,87,8571156.0,124.0,0.0,86.0
"Agriculture, Forestry, Fishing and Hunting",20-99,2,OH,81,6914964.0,116.0,2.0,83.0
"Agriculture, Forestry, Fishing and Hunting",20-99,2,OK,28,2728115.0,50.0,0.0,32.0
"Agriculture, Forestry, Fishing and Hunting",20-99,2,OR,131,10925405.0,304.0,1.0,178.0
"Agriculture, Forestry, Fishing and Hunting",20-99,2,PA,68,7352106.0,153.0,0.0,85.0
"Agriculture, Forestry, Fishing and Hunting",20-99,2,PR,4,230666.0,1.0,0.0,1.0
"Agriculture, Forestry, Fishing and Hunting",20-99,2,SC,16,1899254.0,35.0,0.0,28.0
"Agriculture, Forestry, Fishing and Hunting",20-99,2,SD,12,1083264.0,14.0,0.0,10.0
"Agriculture, Forestry, Fishing and Hunting",20-99,2,TN,30,2343834.0,50.0,0.0,29.0
"Agriculture, Forestry, Fishing and Hunting",20-99,2,TX,111,11725917.0,164.0,1.0,100.0
"Agriculture, Forestry, Fishing and Hunting",20-99,2,UT,12,1343186.0,43.0,0.0,21.0
"Agriculture, Forestry, Fishing and Hunting",20-99,2,VA,25,2227311.0,52.0,0.0,22.0
"Agriculture, Forestry, Fishing and Hunting",20-99,2,VT,2,188053.0,1.0,0.0,0.0
"Agriculture, Forestry, Fishing and Hunting",20-99,2,WA,158,13157209.0,380.0,0.0,266.0
"Agriculture, Forestry, Fishing and Hunting",20-99,2,WI,76,7402588.0,153.0,0.0,96.0
"Agriculture, Forestry, Fishing and Hunting",20-99,2,WV,6,436713.0,10.0,0.0,5.0
"Agriculture, Forestry, Fishing and Hunting",20-99,2,WY,4,234839.0,2.0,0.0,1.0
"Agriculture, Forestry, Fishing and Hunting",100-249,3,AK,2,840226.0,18.0,0.0,1.0
"Agriculture, Forestry, Fishing and Hunting",100-249,3,AL,7,2074819.0,19.0,0.0,12.0
"Agriculture, Forestry, Fishing and Hunting",100-249,3,AR,5,1544547.0,19.0,0.0,10.0
"Agriculture, Forestry, Fishing and Hunting",100-249,3,AZ,19,5293263.0,118.0,0.0,93.0
"Agriculture, Forestry, Fishing and Hunting",100-249,3,CA,249,64737867.0,1359.0,1.0,930.0
"Agriculture, Forestry, Fishing and Hunting",100-249,3,CO,9,2618915.0,67.0,0.0,47.0
"Agriculture, Forestry, Fishing and Hunting",100-249,3,CT,4,988342.0,32.0,0.0,25.0
"Agriculture, Forestry, Fishing and Hunting",100-249,3,DC,1,395200.0,0.0,0.0,0.0
"Agriculture, Forestry, Fishing and Hunting",100-249,3,FL,32,9674164.0,215.0,0.0,137.0
"Agriculture, Forestry, Fishing and Hunting",100-249,3,GA,15,4082226.0,65.0,0.0,41.0
"Agriculture, Forestry, Fishing and Hunting",100-249,3,HI,8,1893522.0,20.0,0.0,12.0
"Agriculture, Forestry, Fishing and Hunting",100-249,3,IA,17,4672591.0,96.0,1.0,61.0
"Agriculture, Forestry, Fishing and Hunting",100-249,3,ID,15,5479721.0,118.0,0.0,66.0
"Agriculture, Forestry, Fishing and Hunting",100-249,3,IL,6,1453743.0,28.0,1.0,25.0
"Agriculture, Forestry, Fishing and Hunting",100-249,3,IN,10,2679375.0,41.0,0.0,23.0
"Agriculture, Forestry, Fishing and Hunting",100-249,3,KS,5,2120496.0,46.0,0.0,37.0
"Agriculture, Forestry, Fishing and Hunting",100-249,3,KY,6,2194861.0,66.0,0.0,47.0
"Agriculture, Forestry, Fishing and Hunting",100-249,3,MA,9,2307422.0,48.0,0.0,40.0
"Agriculture, Forestry, Fishing and Hunting",100-249,3,MD,9,2254722.0,35.0,0.0,22.0
"Agriculture, Forestry, Fishing and Hunting",100-249,3,ME,3,738906.0,32.0,0.0,23.0
"Agriculture, Forestry, Fishing and Hunting",100-249,3,MI,11,3201790.0,71.0,1.0,44.0
"Agriculture, Forestry, Fishing and Hunting",100-249,3,MN,7,2166014.0,52.0,0.0,13.0
"Agriculture, Forestry, Fishing and Hunting",100-249,3,MO,8,2604436.0,54.0,0.0,38.0
"Agriculture, Forestry, Fishing and Hunting",100-249,3,MS,4,645477.0,15.0,0.0,9.0
"Agriculture, Forestry, Fishing and Hunting",100-249,3,MT,1,444507.0,4.0,0.0,2.0
"Agriculture, Forestry, Fishing and Hunting",100-249,3,NC,14,3805596.0,46.0,0.0,33.0
"Agriculture, Forestry, Fishing and Hunting",100-249,3,NE,5,1448303.0,32.0,0.0,21.0
"Agriculture, Forestry, Fishing and Hunting",100-249,3,NH,1,299874.0,5.0,0.0,3.0
"Agriculture, Forestry, Fishing and Hunting",100-249,3,NJ,4,1170392.0,28.0,0.0,21.0
"Agriculture, Forestry, Fishing and Hunting",100-249,3,NM,2,607578.0,16.0,0.0,11.0
"Agriculture, Forestry, Fishing and Hunting",100-249,3,NY,12,3896821.0,57.0,0.0,46.0
"Agriculture, Forestry, Fishing and Hunting",100-249,3,OH,18,4989196.0,103.0,0.0,53.0
"Agriculture, Forestry, Fishing and Hunting",100-249,3,OK,8,2892131.0,80.0,0.0,63.0
"Agriculture, Forestry, Fishing and Hunting",100-249,3,OR,29,7430902.0,217.0,0.0,144.0
"Agriculture, Forestry, Fishing and Hunting",100-249,3,PA,23,7617290.0,170.0,0.0,106.0
"Agriculture, Forestry, Fishing and Hunting",100-249,3,PR,2,964648.0,0.0,0.0,0.0
"Agriculture, Forestry, Fishing and Hunting",100-249,3,RI,1,185658.0,3.0,0.0,3.0
"Agriculture, Forestry, Fishing and Hunting",100-249,3,SC,3,623053.0,17.0,0.0,10.0
"Agriculture, Forestry, Fishing and Hunting",100-249,3,SD,2,670152.0,8.0,0.0,5.0
"Agriculture, Forestry, Fishing and Hunting",100-249,3,TN,4,1414796.0,17.0,0.0,12.0
"Agriculture, Forestry, Fishing and Hunting",100-249,3,TX,17,5794649.0,108.0,0.0,78.0
"Agriculture, Forestry, Fishing and Hunting",100-249,3,UT,5,1298520.0,26.0,0.0,13.0
"Agriculture, Forestry, Fishing and Hunting",100-249,3,VA,5,1290685.0,20.0,0.0,12.0
"Agriculture, Forestry, Fishing and Hunting",100-249,3,WA,52,13952248.0,475.0,0.0,296.0
"Agriculture, Forestry, Fishing and Hunting",100-249,3,WI,15,4250964.0,101.0,0.0,56.0
"Agriculture, Forestry, Fishing and Hunting",250+,4,AL,2,618462.0,6.0,0.0,4.0
"Agriculture, Forestry, Fishing and Hunting",250+,4,AZ,5,6266182.0,85.0,0.0,58.0
"Agriculture, Forestry, Fishing and Hunting",250+,4,CA,196,171189932.0,3481.0,2.0,2280.0
"Agriculture, Forestry, Fishing and Hunting",250+,4,CT,3,2556437.0,75.0,0.0,39.0
"Agriculture, Forestry, Fishing and Hunting",250+,4,FL,22,15298191.0,425.0,0.0,219.0
"Agriculture, Forestry, Fishing and Hunting",250+,4,GA,10,11846904.0,121.0,0.0,90.0
"Agriculture, Forestry, Fishing and Hunting",250+,4,IA,3,2872219.0,15.0,0.0,9.0
"Agriculture, Forestry, Fishing and Hunting",250+,4,ID,3,2086314.0,41.0,0.0,38.0
"Agriculture, Forestry, Fishing and Hunting",250+,4,IL,4,2245059.0,47.0,0.0,31.0
"Agriculture, Forestry, Fishing and Hunting",250+,4,IN,1,1636299.0,21.0,0.0,19.0
"Agriculture, Forestry, Fishing and Hunting",250+,4,KS,1,812419.0,6.0,0.0,4.0
"Agriculture, Forestry, Fishing and Hunting",250+,4,LA,1,813740.0,3.0,0.0,2.0
"Agriculture, Forestry, Fishing and Hunting",250+,4,MA,2,3634646.0,73.0,0.0,66.0
"Agriculture, Forestry, Fishing and Hunting",250+,4,MD,1,728757.0,11.0,0.0,11.0
"Agriculture, Forestry, Fishing and Hunting",250+,4,MI,12,11483832.0,116.0,0.0,79.0
"Agriculture, Forestry, Fishing and Hunting",250+,4,MN,6,4909668.0,56.0,0.0,38.0
"Agriculture, Forestry, Fishing and Hunting",250+,4,MO,2,4215047.0,4.0,0.0,3.0
"Agriculture, Forestry, Fishing and Hunting",250+,4,NC,4,4923109.0,65.0,1.0,46.0
"Agriculture, Forestry, Fishing and Hunting",250+,4,NJ,1,584127.0,8.0,0.0,6.0
"Agriculture, Forestry, Fishing and Hunting",250+,4,NV,1,2744569.0,30.0,0.0,25.0
"Agriculture, Forestry, Fishing and Hunting",250+,4,NY,3,1540648.0,16.0,0.0,16.0
"Agriculture, Forestry, Fishing and Hunting",250+,4,OH,5,4106663.0,38.0,0.0,20.0
"Agriculture, Forestry, Fishing and Hunting",250+,4,OK,1,700834.0,13.0,0.0,12.0
"Agriculture, Forestry, Fishing and Hunting",250+,4,OR,1,959929.0,13.0,0.0,12.0
"Agriculture, Forestry, Fishing and Hunting",250+,4,PA,5,3927605.0,89.0,0.0,60.0
"Agriculture, Forestry, Fishing and Hunting",250+,4,PR,2,1505458.0,3.0,0.0,2.0
"Agriculture, Forestry, Fishing and Hunting",250+,4,SC,2,1987680.0,20.0,0.0,15.0
"Agriculture, Forestry, Fishing and Hunting",250+,4,TN,6,3333509.0,40.0,0.0,36.0
"Agriculture, Forestry, Fishing and Hunting",250+,4,TX,2,1766001.0,21.0,0.0,15.0
"Agriculture, Forestry, Fishing and Hunting",250+,4,VA,2,533042.0,26.0,0.0,7.0
"Agriculture, Forestry, Fishing and Hunting",250+,4,WA,31,30682607.0,1141.0,0.0,899.0
"Agriculture, Forestry, Fishing and Hunting",250+,4,WI,2,1585368.0,17.0,0.0,13.0
"Agriculture, Forestry, Fishing and Hunting",250+,4,WV,1,727217.0,4.0,0.0,2.0
"Arts, Entertainment, and Recreation",Under 20,1,AK,3,44208.0,0.0,0.0,0.0
"Arts, Entertainment, and Recreation",Under 20,1,AL,17,255940.0,2.0,0.0,1.0
"Arts, Entertainment, and Recreation",Under 20,1,AR,15,197379.0,0.0,0.0,0.0
"Arts, Entertainment, and Recreation",Under 20,1,AZ,50,825995.0,6.0,0.0,2.0
"Arts, Entertainment, and Recreation",Under 20,1,CA,132,1828772.0,49.0,0.0,22.0
"Arts, Entertainment, and Recreation",Under 20,1,CO,36,492075.0,7.0,0.0,6.0
"Arts, Entertainment, and Recreation",Under 20,1,CT,31,237458.0,10.0,0.0,3.0
"Arts, Entertainment, and Recreation",Under 20,1,DC,7,100879.0,0.0,0.0,0.0
"Arts, Entertainment, and Recreation",Under 20,1,DE,4,59134.0,0.0,0.0,0.0
"Arts, Entertainment, and Recreation",Under 20,1,FL,70,1188276.0,21.0,1.0,6.0
"Arts, Entertainment, and Recreation",Under 20,1,GA,18,332975.0,9.0,0.0,2.0
"Arts, Entertainment, and Recreation",Under 20,1,HI,5,42955.0,2.0,0.0,0.0
"Arts, Entertainment, and Recreation",Under 20,1,IA,37,411751.0,3.0,0.0,3.0
"Arts, Entertainment, and Recreation",Under 20,1,ID,2,32642.0,1.0,0.0,1.0
"Arts, Entertainment, and Recreation",Under 20,1,IL,69,658213.0,23.0,0.0,14.0
"Arts, Entertainment, and Recreation",Under 20,1,IN,7,112697.0,0.0,0.0,0.0
"Arts, Entertainment, and Recreation",Under 20,1,KS,16,214890.0,3.0,0.0,1.0
"Arts, Entertainment, and Recreation",Under 20,1,KY,5,65805.0,5.0,0.0,3.0
"Arts, Entertainment, and Recreation",Under 20,1,LA,58,780142.0,10.0,0.0,4.0
"Arts, Entertainment, and Recreation",Under 20,1,MA,5,46917.0,2.0,0.0,1.0
"Arts, Entertainment, and Recreation",Under 20,1,MD,11,211695.0,10.0,0.0,1.0
"Arts, Entertainment, and Recreation",Under 20,1,ME,5,35861.0,0.0,0.0,0.0
"Arts, Entertainment, and Recreation",Under 20,1,MI,16,220682.0,6.0,0.0,3.0
"Arts, Entertainment, and Recreation",Under 20,1,MN,48,635620.0,9.0,0.0,8.0
"Arts, Entertainment, and Recreation",Under 20,1,MO,17,256400.0,5.0,0.0,0.0
"Arts, Entertainment, and Recreation",Under 20,1,MS,17,209842.0,1.0,0.0,0.0
"Arts, Entertainment, and Recreation",Under 20,1,MT,19,270834.0,2.0,0.0,0.0
"Arts, Entertainment, and Recreation",Under 20,1,NC,14,252733.0,2.0,0.0,1.0
"Arts, Entertainment, and Recreation",Under 20,1,ND,4,51805.0,0.0,0.0,0.0
"Arts, Entertainment, and Recreation",Under 20,1,NE,12,185992.0,5.0,0.0,4.0
"Arts, Entertainment, and Recreation",Under 20,1,NJ,8,112789.0,7.0,0.0,6.0
"Arts, Entertainment, and Recreation",Under 20,1,NM,6,108195.0,5.0,0.0,3.0
"Arts, Entertainment, and Recreation",Under 20,1,NV,23,304779.0,1.0,0.0,0.0
"Arts, Entertainment, and Recreation",Under 20,1,NY,30,310638.0,2.0,0.0,1.0
"Arts, Entertainment, and Recreation",Under 20,1,OH,16,305569.0,3.0,0.0,3.0
"Arts, Entertainment, and Recreation",Under 20,1,OK,15,206822.0,4.0,0.0,2.0
"Arts, Entertainment, and Recreation",Under 20,1,OR,28,479004.0,12.0,0.0,8.0
"Arts, Entertainment, and Recreation",Under 20,1,PA,29,413456.0,10.0,0.0,9.0
"Arts, Entertainment, and Recreation",Under 20,1,PR,1,3890.0,0.0,0.0,0.0
"Arts, Entertainment, and Recreation",Under 20,1,RI,1,22630.0,0.0,0.0,0.0
"Arts, Entertainment, and Recreation",Under 20,1,SC,8,78573.0,4.0,0.0,4.0
"Arts, Entertainment, and Recreation",Under 20,1,SD,43,378047.0,4.0,0.0,4.0
"Arts, Entertainment, and Recreation",Under 20,1,TN,30,419318.0,11.0,0.0,6.0
"Arts, Entertainment, and Recreation",Under 20,1,TX,101,1575822.0,26.0,0.0,14.0
"Arts, Entertainment, and Recreation",Under 20,1,VA,24,342082.0,8.0,0.0,5.0
"Arts, Entertainment, and Recreation",Under 20,1,VI,2,19333.0,0.0,0.0,0.0
"Arts, Entertainment, and Recreation",Under 20,1,WA,13,166743.0,3.0,0.0,1.0
"Arts, Entertainment, and Recreation",Under 20,1,WI,8,81926.0,1.0,0.0,0.0
"Arts, Entertainment, and Recreation",Under 20,1,WV,15,219508.0,4.0,0.0,2.0
"Arts, Entertainment, and Recreation",Under 20,1,WY,1,22880.0,1.0,0.0,1.0
"Arts, Entertainment, and Recreation",20-99,2,AK,4,179323.0,2.0,0.0,1.0
"Arts, Entertainment, and Recreation",20-99,2,AL,14,811402.0,15.0,0.0,10.0
"Arts, Entertainment, and Recreation",20-99,2,AR,7,253646.0,6.0,0.0,5.0
"Arts, Entertainment, and Recreation",20-99,2,AZ,21,1698557.0,97.0,0.0,54.0
"Arts, Entertainment, and Recreation",20-99,2,CA,178,10073373.0,383.0,0.0,204.0
"Arts, Entertainment, and Recreation",20-99,2,CO,17,1035308.0,31.0,0.0,11.0
"Arts, Entertainment, and Recreation",20-99,2,CT,25,832541.0,32.0,0.0,19.0
"Arts, Entertainment, and Recreation",20-99,2,DC,8,266067.0,0.0,0.0,0.0
"Arts, Entertainment, and Recreation",20-99,2,DE,4,247306.0,18.0,0.0,2.0
"Arts, Entertainment, and Recreation",20-99,2,FL,77,5120369.0,110.0,0.0,57.0
"Arts, Entertainment, and Recreation",20-99,2,GA,38,2054279.0,36.0,0.0,14.0
"Arts, Entertainment, and Recreation",20-99,2,HI,11,621053.0,10.0,0.0,7.0
"Arts, Entertainment, and Recreation",20-99,2,IA,18,861992.0,21.0,0.0,12.0
"Arts, Entertainment, and Recreation",20-99,2,IL,81,3897941.0,117.0,0.0,67.0
"Arts, Entertainment, and Recreation",20-99,2,IN,17,1025611.0,14.0,0.0,8.0
"Arts, Entertainment, and Recreation",20-99,2,KS,7,339079.0,4.0,0.0,3.0
"Arts, Entertainment, and Recreation",20-99,2,KY,43,2861167.0,46.0,0.0,30.0
"Arts, Entertainment, and Recreation",20-99,2,LA,19,782228.0,7.0,0.0,4.0
"Arts, Entertainment, and Recreation",20-99,2,MA,11,510891.0,8.0,0.0,2.0
"Arts, Entertainment, and Recreation",20-99,2,MD,29,1702618.0,140.0,0.0,68.0
"Arts, Entertainment, and Recreation",20-99,2,ME,7,484139.0,25.0,0.0,14.0
"Arts, Entertainment, and Recreation",20-99,2,MI,42,2512386.0,66.0,1.0,37.0
"Arts, Entertainment, and Recreation",20-99,2,MN,37,1648461.0,38.0,0.0,20.0
"Arts, Entertainment, and Recreation",20-99,2,MO,25,1033678.0,22.0,0.0,15.0
"Arts, Entertainment, and Recreation",20-99,2,MS,4,252914.0,0.0,0.0,0.0
"Arts, Entertainment, and Recreation",20-99,2,MT,2,96470.0,4.0,0.0,2.0
"Arts, Entertainment, and Recreation",20-99,2,NC,39,2246554.0,40.0,0.0,26.0
"Arts, Entertainment, and Recreation",20-99,2,ND,7,406993.0,3.0,0.0,0.0
"Arts, Entertainment, and Recreation",20-99,2,NE,12,839485.0,27.0,0.0,9.0
"Arts, Entertainment, and Recreation",20-99,2,NH,9,634738.0,28.0,0.0,11.0
"Arts, Entertainment, and Recreation",20-99,2,NJ,20,1548469.0,69.0,0.0,38.0
"Arts, Entertainment, and Recreation",20-99,2,NM,7,353012.0,19.0,0.0,15.0
"Arts, Entertainment, and Recreation",20-99,2,NV,44,2809594.0,75.0,0.0,50.0
"Arts, Entertainment, and Recreation",20-99,2,NY,50,3202303.0,190.0,0.0,78.0
"Arts, Entertainment, and Recreation",20-99,2,OH,30,1544425.0,33.0,0.0,13.0
"Arts, Entertainment, and Recreation",20-99,2,OK,14,858625.0,2.0,0.0,1.0
"Arts, Entertainment, and Recreation",20-99,2,OR,19,908324.0,25.0,0.0,10.0
"Arts, Entertainment, and Recreation",20-99,2,PA,38,2110879.0,96.0,0.0,41.0
"Arts, Entertainment, and Recreation",20-99,2,PR,2,104211.0,2.0,1.0,2.0
"Arts, Entertainment, and Recreation",20-99,2,RI,5,275428.0,0.0,0.0,0.0
"Arts, Entertainment, and Recreation",20-99,2,SC,46,2664229.0,39.0,0.0,32.0
"Arts, Entertainment, and Recreation",20-99,2,SD,4,139606.0,3.0,0.0,2.0
"Arts, Entertainment, and Recreation",20-99,2,TN,38,1792430.0,60.0,0.0,45.0
"Arts, Entertainment, and Recreation",20-99,2,TX,95,5333255.0,79.0,1.0,33.0
"Arts, Entertainment, and Recreation",20-99,2,UT,17,638046.0,19.0,0.0,11.0
"Arts, Entertainment, and Recreation",20-99,2,VA,65,3194156.0,122.0,0.0,49.0
"Arts, Entertainment, and Recreation",20-99,2,VT,2,134675.0,5.0,0.0,2.0
"Arts, Entertainment, and Recreation",20-99,2,WA,26,1383168.0,50.0,0.0,28.0
"Arts, Entertainment, and Recreation",20-99,2,WI,13,623797.0,22.0,0.0,7.0
"Arts, Entertainment, and Recreation",20-99,2,WV,2,91211.0,1.0,0.0,1.0
"Arts, Entertainment, and Recreation",20-99,2,WY,3,165347.0,10.0,0.0,0.0
"Arts, Entertainment, and Recreation",100-249,3,AK,1,335493.0,8.0,0.0,2.0
"Arts, Entertainment, and Recreation",100-249,3,AL,4,592292.0,17.0,0.0,11.0
"Arts, Entertainment, and Recreation",100-249,3,AZ,23,4048753.0,141.0,0.0,71.0
"Arts, Entertainment, and Recreation",100-249,3,CA,43,8932479.0,341.0,0.0,231.0
"Arts, Entertainment, and Recreation",100-249,3,CO,14,3172968.0,128.0,0.0,91.0
"Arts, Entertainment, and Recreation",100-249,3,CT,4,336201.0,3.0,0.0,2.0
"Arts, Entertainment, and Recreation",100-249,3,DE,1,181671.0,5.0,0.0,1.0
"Arts, Entertainment, and Recreation",100-249,3,FL,45,8332144.0,255.0,0.0,152.0
"Arts, Entertainment, and Recreation",100-249,3,GA,7,822742.0,20.0,0.0,14.0
"Arts, Entertainment, and Recreation",100-249,3,HI,1,188840.0,4.0,0.0,2.0
"Arts, Entertainment, and Recreation",100-249,3,IA,11,1823970.0,53.0,0.0,11.0
"Arts, Entertainment, and Recreation",100-249,3,ID,1,142249.0,10.0,0.0,8.0
"Arts, Entertainment, and Recreation",100-249,3,IL,27,4966493.0,152.0,0.0,51.0
"Arts, Entertainment, and Recreation",100-249,3,IN,6,923042.0,8.0,0.0,4.0
"Arts, Entertainment, and Recreation",100-249,3,KS,4,757074.0,20.0,0.0,6.0
"Arts, Entertainment, and Recreation",100-249,3,KY,3,521638.0,8.0,0.0,5.0
"Arts, Entertainment, and Recreation",100-249,3,LA,3,979431.0,14.0,0.0,3.0
"Arts, Entertainment, and Recreation",100-249,3,MA,6,1154283.0,27.0,0.0,14.0
"Arts, Entertainment, and Recreation",100-249,3,MD,12,1783354.0,39.0,0.0,23.0
"Arts, Entertainment, and Recreation",100-249,3,ME,2,354697.0,12.0,0.0,6.0
"Arts, Entertainment, and Recreation",100-249,3,MI,15,2158627.0,57.0,0.0,30.0
"Arts, Entertainment, and Recreation",100-249,3,MN,9,1283097.0,41.0,0.0,21.0
"Arts, Entertainment, and Recreation",100-249,3,MO,8,1330050.0,35.0,0.0,19.0
"Arts, Entertainment, and Recreation",100-249,3,MS,1,117310.0,0.0,0.0,0.0
"Arts, Entertainment, and Recreation",100-249,3,MT,1,200431.0,0.0,0.0,0.0
"Arts, Entertainment, and Recreation",100-249,3,NC,18,3510196.0,86.0,0.0,48.0
"Arts, Entertainment, and Recreation",100-249,3,NE,1,264754.0,3.0,0.0,1.0
"Arts, Entertainment, and Recreation",100-249,3,NH,8,1567233.0,64.0,0.0,33.0
"Arts, Entertainment, and Recreation",100-249,3,NJ,8,1211689.0,112.0,0.0,61.0
"Arts, Entertainment, and Recreation",100-249,3,NM,1,258691.0,3.0,0.0,1.0
"Arts, Entertainment, and Recreation",100-249,3,NV,17,4718820.0,192.0,0.0,129.0
"Arts, Entertainment, and Recreation",100-249,3,NY,28,5617266.0,170.0,0.0,97.0
"Arts, Entertainment, and Recreation",100-249,3,OH,14,3742320.0,49.0,0.0,21.0
"Arts, Entertainment, and Recreation",100-249,3,OK,8,1210237.0,29.0,0.0,15.0
"Arts, Entertainment, and Recreation",100-249,3,OR,10,2178034.0,80.0,0.0,28.0
"Arts, Entertainment, and Recreation",100-249,3,PA,14,2844895.0,72.0,0.0,41.0
"Arts, Entertainment, and Recreation",100-249,3,PR,1,333606.0,2.0,0.0,1.0
"Arts, Entertainment, and Recreation",100-249,3,RI,2,593123.0,15.0,0.0,10.0
"Arts, Entertainment, and Recreation",100-249,3,SC,5,628934.0,18.0,0.0,15.0
"Arts, Entertainment, and Recreation",100-249,3,SD,1,157685.0,6.0,0.0,4.0
"Arts, Entertainment, and Recreation",100-249,3,TN,15,3079071.0,92.0,0.0,27.0
"Arts, Entertainment, and Recreation",100-249,3,TX,44,7245512.0,169.0,1.0,110.0
"Arts, Entertainment, and Recreation",100-249,3,UT,3,536593.0,27.0,0.0,14.0
"Arts, Entertainment, and Recreation",100-249,3,VA,24,3876436.0,114.0,0.0,84.0
"Arts, Entertainment, and Recreation",100-249,3,VT,3,906720.0,36.0,0.0,28.0
"Arts, Entertainment, and Recreation",100-249,3,WA,10,2383578.0,60.0,0.0,36.0
"Arts, Entertainment, and Recreation",100-249,3,WI,12,1556745.0,28.0,0.0,15.0
"Arts, Entertainment, and Recreation",100-249,3,WV,1,177147.0,2.0,0.0,0.0
"Arts, Entertainment, and Recreation",100-249,3,WY,1,240990.0,2.0,0.0,0.0
"Arts, Entertainment, and Recreation",250+,4,AL,4,4960505.0,19.0,0.0,10.0
"Arts, Entertainment, and Recreation",250+,4,AR,4,3373683.0,21.0,0.0,16.0
"Arts, Entertainment, and Recreation",250+,4,AZ,30,35162781.0,548.0,0.0,429.0
"Arts, Entertainment, and Recreation",250+,4,CA,101,143658454.0,4651.0,2.0,3387.0
"Arts, Entertainment, and Recreation",250+,4,CO,16,12509106.0,494.0,0.0,340.0
"Arts, Entertainment, and Recreation",250+,4,CT,2,585741.0,17.0,0.0,10.0
"Arts, Entertainment, and Recreation",250+,4,DC,4,4697117.0,80.0,0.0,22.0
"Arts, Entertainment, and Recreation",250+,4,DE,2,1474723.0,28.0,0.0,17.0
"Arts, Entertainment, and Recreation",250+,4,FL,80,222115781.0,4945.0,0.0,3930.0
"Arts, Entertainment, and Recreation",250+,4,GA,23,26218507.0,108.0,0.0,48.0
"Arts, Entertainment, and Recreation",250+,4,HI,5,4572081.0,81.0,0.0,55.0
"Arts, Entertainment, and Recreation",250+,4,IA,10,8625708.0,54.0,0.0,32.0
"Arts, Entertainment, and Recreation",250+,4,ID,5,2199998.0,77.0,0.0,45.0
"Arts, Entertainment, and Recreation",250+,4,IL,34,21297371.0,589.0,0.0,420.0
"Arts, Entertainment, and Recreation",250+,4,IN,9,5242049.0,168.0,0.0,136.0
"Arts, Entertainment, and Recreation",250+,4,KS,1,959473.0,7.0,0.0,5.0
"Arts, Entertainment, and Recreation",250+,4,KY,7,3712150.0,46.0,0.0,26.0
"Arts, Entertainment, and Recreation",250+,4,LA,7,4994822.0,248.0,0.0,95.0
"Arts, Entertainment, and Recreation",250+,4,MA,9,3806058.0,138.0,0.0,56.0
"Arts, Entertainment, and Recreation",250+,4,MD,3,3008807.0,54.0,0.0,36.0
"Arts, Entertainment, and Recreation",250+,4,ME,1,645317.0,48.0,0.0,21.0
"Arts, Entertainment, and Recreation",250+,4,MI,11,12655255.0,196.0,0.0,70.0
"Arts, Entertainment, and Recreation",250+,4,MN,8,4532030.0,140.0,0.0,56.0
"Arts, Entertainment, and Recreation",250+,4,MO,11,7311679.0,210.0,0.0,151.0
"Arts, Entertainment, and Recreation",250+,4,MT,1,112414.0,9.0,0.0,3.0
"Arts, Entertainment, and Recreation",250+,4,NC,15,12911606.0,245.0,0.0,155.0
"Arts, Entertainment, and Recreation",250+,4,NE,5,3005166.0,63.0,0.0,33.0
"Arts, Entertainment, and Recreation",250+,4,NH,3,1308012.0,26.0,0.0,20.0
"Arts, Entertainment, and Recreation",250+,4,NJ,5,3901589.0,32.0,0.0,16.0
"Arts, Entertainment, and Recreation",250+,4,NM,5,4445450.0,60.0,0.0,45.0
"Arts, Entertainment, and Recreation",250+,4,NV,20,20545206.0,116.0,0.0,91.0
"Arts, Entertainment, and Recreation",250+,4,NY,29,26654874.0,486.0,0.0,278.0
"Arts, Entertainment, and Recreation",250+,4,OH,18,16193044.0,716.0,0.0,273.0
"Arts, Entertainment, and Recreation",250+,4,OK,8,6700248.0,40.0,0.0,31.0
"Arts, Entertainment, and Recreation",250+,4,OR,17,16030023.0,149.0,0.0,107.0
"Arts, Entertainment, and Recreation",250+,4,PA,17,17903703.0,700.0,0.0,466.0
"Arts, Entertainment, and Recreation",250+,4,PR,1,798719.0,0.0,0.0,0.0
"Arts, Entertainment, and Recreation",250+,4,RI,2,1318629.0,3.0,0.0,2.0
"Arts, Entertainment, and Recreation",250+,4,SC,14,15412339.0,68.0,0.0,39.0
"Arts, Entertainment, and Recreation",250+,4,SD,1,400816.0,6.0,0.0,2.0
"Arts, Entertainment, and Recreation",250+,4,TN,14,10615252.0,168.0,2.0,138.0
"Arts, Entertainment, and Recreation",250+,4,TX,51,42991048.0,525.0,0.0,340.0
"Arts, Entertainment, and Recreation",250+,4,UT,19,20808845.0,238.0,0.0,141.0
"Arts, Entertainment, and Recreation",250+,4,VA,6,4304086.0,82.0,0.0,51.0
"Arts, Entertainment, and Recreation",250+,4,VT,2,1037028.0,53.0,0.0,28.0
"Arts, Entertainment, and Recreation",250+,4,WA,26,30455033.0,387.0,0.0,244.0
"Arts, Entertainment, and Recreation",250+,4,WI,11,7625914.0,159.0,0.0,82.0
"Arts, Entertainment, and Recreation",250+,4,WV,4,3566879.0,71.0,0.0,48.0
Construction,Under 20,1,AK,32,647517.0,7.0,0.0,1.0
Construction,Under 20,1,AL,91,1933064.0,21.0,1.0,16.0
Construction,Under 20,1,AR,67,1393509.0,15.0,0.0,7.0
Construction,Under 20,1,AZ,163,3251655.0,45.0,0.0,27.0
Construction,Under 20,1,CA,553,10589751.0,173.0,2.0,124.0
Construction,Under 20,1,CO,173,3554584.0,63.0,0.0,36.0
Construction,Under 20,1,CT,81,1370444.0,46.0,0.0,24.0
Construction,Under 20,1,DC,12,230568.0,1.0,0.0,0.0
Construction,Under 20,1,DE,23,436466.0,8.0,0.0,1.0
Construction,Under 20,1,FL,617,10869825.0,161.0,0.0,109.0
Construction,Under 20,1,GA,196,4170509.0,39.0,1.0,21.0
Construction,Under 20,1,GU,7,134555.0,0.0,0.0,0.0
Construction,Under 20,1,HI,43,723576.0,7.0,0.0,6.0
Construction,Under 20,1,IA,146,2641266.0,59.0,0.0,42.0
Construction,Under 20,1,ID,45,977383.0,25.0,0.0,18.0
Construction,Under 20,1,IL,204,3723369.0,62.0,0.0,37.0
Construction,Under 20,1,IN,144,2820564.0,46.0,0.0,23.0
Construction,Under 20,1,KS,57,1363535.0,13.0,0.0,8.0
Construction,Under 20,1,KY,95,1827924.0,26.0,0.0,13.0
Construction,Under 20,1,LA,91,1994073.0,8.0,0.0,3.0
Construction,Under 20,1,MA,95,1831165.0,14.0,0.0,9.0
Construction,Under 20,1,MD,75,1666817.0,28.0,0.0,15.0
Construction,Under 20,1,ME,64,841219.0,17.0,0.0,10.0
Construction,Under 20,1,MI,123,2509617.0,52.0,0.0,25.0
Construction,Under 20,1,MN,116,2662784.0,64.0,1.0,28.0
Construction,Under 20,1,MO,104,2062704.0,24.0,0.0,12.0
Construction,Under 20,1,MP,2,38990.0,0.0,0.0,0.0
Construction,Under 20,1,MS,29,629627.0,7.0,0.0,4.0
Construction,Under 20,1,MT,41,710946.0,20.0,0.0,12.0
Construction,Under 20,1,NC,277,4839988.0,66.0,2.0,43.0
Construction,Under 20,1,ND,43,978313.0,18.0,0.0,12.0
Construction,Under 20,1,NE,73,1330425.0,17.0,0.0,9.0
Construction,Under 20,1,NH,59,1053168.0,29.0,0.0,17.0
Construction,Under 20,1,NJ,98,2056161.0,32.0,0.0,19.0
Construction,Under 20,1,NM,41,837089.0,13.0,0.0,7.0
Construction,Under 20,1,NV,79,1486624.0,28.0,0.0,19.0
Construction,Under 20,1,NY,230,4603722.0,80.0,0.0,46.0
Construction,Under 20,1,OH,288,5401366.0,74.0,0.0,38.0
Construction,Under 20,1,OK,69,1403619.0,23.0,0.0,14.0
Construction,Under 20,1,OR,141,2937626.0,54.0,0.0,37.0
Construction,Under 20,1,PA,183,3698476.0,72.0,0.0,40.0
Construction,Under 20,1,PR,36,456805.0,9.0,0.0,5.0
Construction,Under 20,1,RI,16,267397.0,3.0,0.0,3.0
Construction,Under 20,1,SC,172,2972792.0,34.0,1.0,24.0
Construction,Under 20,1,SD,30,588208.0,23.0,0.0,13.0
Construction,Under 20,1,TN,153,3256776.0,58.0,0.0,39.0
Construction,Under 20,1,TX,568,10823566.0,94.0,0.0,69.0
Construction,Under 20,1,UT,102,2237704.0,21.0,0.0,13.0
Construction,Under 20,1,VA,143,2751448.0,27.0,0.0,20.0
Construction,Under 20,1,VI,1,18597.0,0.0,0.0,0.0
Construction,Under 20,1,VT,21,377208.0,12.0,0.0,11.0
Construction,Under 20,1,WA,146,3085231.0,87.0,0.0,56.0
Construction,Under 20,1,WI,120,2924010.0,70.0,0.0,27.0
Construction,Under 20,1,WV,29,516153.0,4.0,0.0,2.0
Construction,Under 20,1,WY,26,521287.0,10.0,0.0,4.0
Construction,20-99,2,AK,68,5977214.0,85.0,0.0,29.0
Construction,20-99,2,AL,319,28995336.0,221.0,2.0,128.0
Construction,20-99,2,AR,173,15949907.0,161.0,1.0,87.0
Construction,20-99,2,AS,2,215158.0,1.0,0.0,1.0
Construction,20-99,2,AZ,468,42853511.0,547.0,0.0,311.0
Construction,20-99,2,CA,2116,182820093.0,3032.0,4.0,2151.0
Construction,20-99,2,CO,539,48994090.0,792.0,1.0,482.0
Construction,20-99,2,CT,208,18518824.0,343.0,0.0,221.0
Construction,20-99,2,DC,21,2009152.0,10.0,0.0,4.0
Construction,20-99,2,DE,65,6080964.0,107.0,0.0,79.0
Construction,20-99,2,FL,1604,141556026.0,1921.0,3.0,1263.0
Construction,20-99,2,GA,568,54503892.0,491.0,1.0,328.0
Construction,20-99,2,GU,13,1271721.0,7.0,0.0,3.0
Construction,20-99,2,HI,109,8411700.0,136.0,1.0,94.0
Construction,20-99,2,IA,370,32075716.0,595.0,2.0,318.0
Construction,20-99,2,ID,148,13172985.0,227.0,0.0,98.0
Construction,20-99,2,IL,719,65483053.0,865.0,1.0,573.0
Construction,20-99,2,IN,482,42594071.0,534.0,2.0,295.0
Construction,20-99,2,KS,204,19969100.0,282.0,2.0,161.0
Construction,20-99,2,KY,280,23693103.0,277.0,3.0,157.0
Construction,20-99,2,LA,362,35599707.0,98.0,2.0,63.0
Construction,20-99,2,MA,424,40408797.0,668.0,5.0,487.0
Construction,20-99,2,MD,368,36405930.0,480.0,1.0,315.0
Construction,20-99,2,ME,126,11222358.0,328.0,1.0,173.0
Construction,20-99,2,MI,717,63079819.0,1120.0,4.0,632.0
Construction,20-99,2,MN,475,42717650.0,1016.0,0.0,492.0
Construction,20-99,2,MO,378,33653751.0,418.0,1.0,232.0
Construction,20-99,2,MP,1,114400.0,2.0,0.0,2.0
Construction,20-99,2,MS,125,12213014.0,70.0,0.0,45.0
Construction,20-99,2,MT,87,7727080.0,197.0,0.0,101.0
Construction,20-99,2,NC,695,63231688.0,643.0,2.0,419.0
Construction,20-99,2,ND,106,10064504.0,201.0,0.0,76.0
Construction,20-99,2,NE,198,16514112.0,260.0,1.0,134.0
Construction,20-99,2,NH,119,10329708.0,286.0,0.0,156.0
Construction,20-99,2,NJ,336,30733035.0,370.0,3.0,241.0
Construction,20-99,2,NM,104,9691116.0,134.0,0.0,92.0
Construction,20-99,2,NV,239,21338320.0,434.0,0.0,276.0
Construction,20-99,2,NY,850,72079611.0,898.0,2.0,545.0
Construction,20-99,2,OH,913,77946565.0,853.0,4.0,489.0
Construction,20-99,2,OK,203,18523522.0,177.0,0.0,91.0
Construction,20-99,2,OR,377,32887329.0,677.0,1.0,407.0
Construction,20-99,2,PA,925,82151170.0,1440.0,3.0,791.0
Construction,20-99,2,PR,63,4908268.0,35.0,0.0,30.0
Construction,20-99,2,RI,73,6178297.0,107.0,0.0,81.0
Construction,20-99,2,SC,284,25154891.0,290.0,1.0,200.0
Construction,20-99,2,SD,89,8455835.0,217.0,0.0,88.0
Construction,20-99,2,TN,507,47579460.0,476.0,2.0,288.0
Construction,20-99,2,TX,1812,172517599.0,1531.0,5.0,1021.0
Construction,20-99,2,UT,279,24303315.0,353.0,2.0,181.0
Construction,20-99,2,VA,538,46496372.0,594.0,0.0,405.0
Construction,20-99,2,VI,7,499473.0,3.0,0.0,3.0
Construction,20-99,2,VT,44,3286783.0,138.0,0.0,68.0
Construction,20-99,2,WA,612,53768495.0,1076.0,1.0,662.0
Construction,20-99,2,WI,583,50487914.0,1034.0,1.0,480.0
Construction,20-99,2,WV,106,9642987.0,78.0,0.0,41.0
Construction,20-99,2,WY,51,4364122.0,44.0,0.0,17.0
Construction,100-249,3,AK,8,3856628.0,26.0,0.0,11.0
Construction,100-249,3,AL,85,25326393.0,173.0,0.0,108.0
Construction,100-249,3,AR,44,13662159.0,110.0,0.0,63.0
Construction,100-249,3,AZ,150,42768341.0,436.0,1.0,263.0
Construction,100-249,3,CA,521,144165023.0,1980.0,3.0,1507.0
Construction,100-249,3,CO,140,41481559.0,556.0,4.0,332.0
Construction,100-249,3,CT,47,12950578.0,195.0,2.0,156.0
Construction,100-249,3,DC,8,2009322.0,27.0,0.0,18.0
Construction,100-249,3,DE,12,3048770.0,23.0,0.0,11.0
Construction,100-249,3,FL,370,108739853.0,1312.0,5.0,865.0
Construction,100-249,3,GA,160,49865558.0,503.0,1.0,302.0
Construction,100-249,3,GU,7,2109435.0,15.0,0.0,5.0
Construction,100-249,3,HI,17,5065457.0,45.0,0.0,30.0
Construction,100-249,3,IA,56,16684797.0,219.0,0.0,111.0
Construction,100-249,3,ID,30,9436318.0,127.0,0.0,74.0
Construction,100-249,3,IL,182,51368352.0,683.0,1.0,447.0
Construction,100-249,3,IN,111,34617215.0,388.0,2.0,209.0
Construction,100-249,3,KS,47,14327857.0,167.0,0.0,82.0
Construction,100-249,3,KY,62,19922753.0,230.0,1.0,126.0
Construction,100-249,3,LA,126,41380758.0,92.0,2.0,41.0
Construction,100-249,3,MA,133,39114060.0,478.0,0.0,301.0
Construction,100-249,3,MD,127,36764230.0,397.0,2.0,282.0
Construction,100-249,3,ME,21,5437561.0,78.0,0.0,43.0
Construction,100-249,3,MI,156,45799012.0,518.0,2.0,291.0
Construction,100-249,3,MN,119,37333639.0,611.0,1.0,330.0
Construction,100-249,3,MO,95,27740223.0,367.0,1.0,211.0
Construction,100-249,3,MP,2,642086.0,4.0,0.0,3.0
Construction,100-249,3,MS,32,9804545.0,50.0,0.0,29.0
Construction,100-249,3,MT,18,5385892.0,77.0,0.0,43.0
Construction,100-249,3,NC,168,51379427.0,428.0,0.0,276.0
Construction,100-249,3,ND,20,6518030.0,136.0,1.0,55.0
Construction,100-249,3,NE,38,10800413.0,129.0,0.0,82.0
Construction,100-249,3,NH,23,6021073.0,97.0,0.0,63.0
Construction,100-249,3,NJ,107,32169580.0,375.0,0.0,221.0
Construction,100-249,3,NM,27,7911226.0,69.0,1.0,49.0
Construction,100-249,3,NV,77,21400464.0,325.0,6.0,195.0
Construction,100-249,3,NY,186,52665077.0,524.0,2.0,318.0
Construction,100-249,3,OH,196,57953232.0,571.0,0.0,321.0
Construction,100-249,3,OK,47,15175692.0,203.0,0.0,124.0
Construction,100-249,3,OR,76,20150958.0,276.0,0.0,153.0
Construction,100-249,3,PA,208,60525463.0,827.0,4.0,508.0
Construction,100-249,3,PR,19,2959603.0,32.0,0.0,31.0
Construction,100-249,3,RI,10,2733282.0,34.0,0.0,26.0
Construction,100-249,3,SC,60,18118873.0,174.0,0.0,119.0
Construction,100-249,3,SD,20,5414431.0,73.0,0.0,37.0
Construction,100-249,3,TN,126,37092389.0,365.0,0.0,225.0
Construction,100-249,3,TX,639,198803286.0,1295.0,2.0,867.0
Construction,100-249,3,UT,77,23510432.0,262.0,2.0,113.0
Construction,100-249,3,VA,132,38578549.0,420.0,0.0,268.0
Construction,100-249,3,VI,1,297709.0,0.0,0.0,0.0
Construction,100-249,3,VT,6,1526813.0,54.0,0.0,38.0
Construction,100-249,3,WA,146,39058098.0,640.0,0.0,425.0
Construction,100-249,3,WI,122,36879951.0,503.0,0.0,248.0
Construction,100-249,3,WV,19,6026422.0,38.0,0.0,17.0
Construction,100-249,3,WY,5,1257515.0,15.0,0.0,9.0
Construction,250+,4,AK,6,5494868.0,27.0,2.0,16.0
Construction,250+,4,AL,33,42574453.0,216.0,1.0,130.0
Construction,250+,4,AR,8,8122874.0,34.0,0.0,18.0
Construction,250+,4,AZ,81,90782439.0,434.0,1.0,246.0
Construction,250+,4,CA,679,1988042202.0,2654.0,4.0,1884.0
Construction,250+,4,CO,56,62105916.0,367.0,0.0,177.0
Construction,250+,4,CT,15,14043022.0,146.0,0.0,110.0
Construction,250+,4,DC,4,3898235.0,48.0,0.0,40.0
Construction,250+,4,DE,4,6428849.0,29.0,0.0,13.0
Construction,250+,4,FL,150,175389193.0,1474.0,5.0,1004.0
Construction,250+,4,GA,69,98105635.0,580.0,1.0,364.0
Construction,250+,4,GU,4,4993854.0,30.0,0.0,2.0
Construction,250+,4,HI,18,13364747.0,168.0,0.0,155.0
Construction,250+,4,IA,22,30910865.0,149.0,2.0,95.0
Construction,250+,4,ID,8,6897303.0,57.0,0.0,42.0
Construction,250+,4,IL,70,68721084.0,679.0,1.0,438.0
Construction,250+,4,IN,54,72149643.0,375.0,1.0,176.0
Construction,250+,4,KS,23,24934866.0,152.0,0.0,66.0
Construction,250+,4,KY,25,22232098.0,156.0,0.0,99.0
Construction,250+,4,LA,56,119341899.0,153.0,1.0,69.0
Construction,250+,4,MA,50,53476655.0,440.0,1.0,294.0
Construction,250+,4,MD,35,37974075.0,251.0,0.0,175.0
Construction,250+,4,ME,4,3596858.0,42.0,0.0,28.0
Construction,250+,4,MI,70,79122243.0,541.0,3.0,315.0
Construction,250+,4,MN,47,83009158.0,512.0,0.0,257.0
Construction,250+,4,MO,58,71306740.0,431.0,2.0,192.0
Construction,250+,4,MS,16,21840203.0,82.0,0.0,40.0
Construction,250+,4,MT,4,2167283.0,30.0,0.0,19.0
Construction,250+,4,NC,80,94346866.0,500.0,5.0,307.0
Construction,250+,4,ND,4,3406974.0,49.0,0.0,31.0
Construction,250+,4,NE,8,10543134.0,74.0,0.0,34.0
Construction,250+,4,NH,8,5590849.0,84.0,0.0,54.0
Construction,250+,4,NJ,30,31066312.0,202.0,1.0,122.0
Construction,250+,4,NM,9,9141314.0,40.0,0.0,24.0
Construction,250+,4,NV,30,27082273.0,406.0,0.0,326.0
Construction,250+,4,NY,76,67606312.0,469.0,1.0,288.0
Construction,250+,4,OH,88,135755646.0,685.0,3.0,308.0
Construction,250+,4,OK,18,18621253.0,130.0,3.0,73.0
Construction,250+,4,OR,22,24314245.0,95.0,0.0,44.0
Construction,250+,4,PA,69,62767490.0,510.0,2.0,291.0
Construction,250+,4,PR,3,1205974.0,1.0,0.0,1.0
Construction,250+,4,RI,7,14909240.0,182.0,0.0,137.0
Construction,250+,4,SC,23,26029064.0,189.0,1.0,129.0
Construction,250+,4,SD,2,2134829.0,20.0,0.0,6.0
Construction,250+,4,TN,43,61016022.0,563.0,0.0,376.0
Construction,250+,4,TX,360,515859011.0,1731.0,12.0,1001.0
Construction,250+,4,UT,49,97414483.0,283.0,3.0,123.0
Construction,250+,4,VA,64,70639522.0,363.0,3.0,222.0
Construction,250+,4,WA,27,36884727.0,298.0,0.0,188.0
Construction,250+,4,WI,53,63225737.0,451.0,1.0,208.0
Construction,250+,4,WV,6,5244685.0,26.0,1.0,18.0
Construction,250+,4,WY,1,1110446.0,7.0,0.0,2.0
Educational Services,Under 20,1,AK,3,81598.0,0.0,0.0,0.0
Educational Services,Under 20,1,AL,4,63348.0,2.0,0.0,1.0
Educational Services,Under 20,1,AR,2,17783.0,1.0,0.0,0.0
Educational Services,Under 20,1,AZ,4,58817.0,0.0,0.0,0.0
Educational Services,Under 20,1,CA,10,85821.0,2.0,0.0,2.0
Educational Services,Under 20,1,CO,1,3693.0,0.0,0.0,0.0
Educational Services,Under 20,1,CT,25,350512.0,8.0,0.0,4.0
Educational Services,Under 20,1,FL,2,17447.0,0.0,0.0,0.0
Educational Services,Under 20,1,GA,2,12681.0,0.0,0.0,0.0
Educational Services,Under 20,1,HI,1,33280.0,0.0,0.0,0.0
Educational Services,Under 20,1,IL,13,196279.0,1.0,0.0,0.0
Educational Services,Under 20,1,IN,18,349607.0,5.0,0.0,4.0
Educational Services,Under 20,1,KY,1,10202.0,0.0,0.0,0.0
Educational Services,Under 20,1,LA,11,34848.0,1.0,0.0,0.0
Educational Services,Under 20,1,MA,2,27949.0,2.0,0.0,1.0
Educational Services,Under 20,1,MD,3,39770.0,1.0,0.0,0.0
Educational Services,Under 20,1,ME,5,66558.0,2.0,0.0,2.0
Educational Services,Under 20,1,MI,6,104866.0,4.0,0.0,3.0
Educational Services,Under 20,1,MN,216,2400873.0,76.0,0.0,13.0
Educational Services,Under 20,1,NC,9,176605.0,11.0,0.0,0.0
Educational Services,Under 20,1,ND,2,42573.0,0.0,0.0,0.0
Educational Services,Under 20,1,NJ,3,55456.0,3.0,0.0,3.0
Educational Services,Under 20,1,NM,3,33042.0,4.0,0.0,1.0
Educational Services,Under 20,1,NV,1,6240.0,0.0,0.0,0.0
Educational Services,Under 20,1,NY,7,102218.0,4.0,0.0,2.0
Educational Services,Under 20,1,OK,4,18159.0,0.0,0.0,0.0
Educational Services,Under 20,1,OR,29,476321.0,7.0,0.0,1.0
Educational Services,Under 20,1,PA,3,36037.0,8.0,0.0,1.0
Educational Services,Under 20,1,PR,27,376200.0,15.0,0.0,11.0
Educational Services,Under 20,1,SC,3,33273.0,1.0,0.0,0.0
Educational Services,Under 20,1,TN,2,14856.0,0.0,0.0,0.0
Educational Services,Under 20,1,VA,11,144910.0,2.0,0.0,1.0
Educational Services,Under 20,1,VT,1,38472.0,0.0,0.0,0.0
Educational Services,Under 20,1,WI,1,60813.0,0.0,0.0,0.0
Educational Services,20-99,2,AK,3,214632.0,2.0,0.0,0.0
Educational Services,20-99,2,AL,2,131360.0,2.0,0.0,1.0
Educational Services,20-99,2,AR,1,99840.0,0.0,0.0,0.0
Educational Services,20-99,2,AZ,7,845155.0,5.0,0.0,5.0
Educational Services,20-99,2,CA,21,1490433.0,46.0,0.0,13.0
Educational Services,20-99,2,CO,3,283759.0,8.0,0.0,1.0
Educational Services,20-99,2,CT,93,8174405.0,342.0,0.0,144.0
Educational Services,20-99,2,DC,2,100828.0,1.0,0.0,1.0
Educational Services,20-99,2,FL,2,166154.0,0.0,0.0,0.0
Educational Services,20-99,2,GA,5,367778.0,3.0,0.0,2.0
Educational Services,20-99,2,ID,1,41600.0,1.0,0.0,0.0
Educational Services,20-99,2,IL,91,6839935.0,288.0,0.0,78.0
Educational Services,20-99,2,IN,84,7325440.0,114.0,0.0,76.0
Educational Services,20-99,2,KS,1,103533.0,0.0,0.0,0.0
Educational Services,20-99,2,KY,6,289372.0,7.0,0.0,7.0
Educational Services,20-99,2,MA,6,450753.0,14.0,0.0,9.0
Educational Services,20-99,2,MD,8,562884.0,7.0,0.0,5.0
Educational Services,20-99,2,ME,14,1152511.0,69.0,0.0,61.0
Educational Services,20-99,2,MI,35,2483568.0,97.0,0.0,37.0
Educational Services,20-99,2,MN,718,58031363.0,1274.0,0.0,479.0
Educational Services,20-99,2,MO,3,62622.0,3.0,0.0,3.0
Educational Services,20-99,2,NC,14,1371369.0,18.0,0.0,5.0
Educational Services,20-99,2,NJ,23,1832123.0,40.0,0.0,40.0
Educational Services,20-99,2,NM,1,116514.0,3.0,0.0,1.0
Educational Services,20-99,2,NY,70,6311175.0,233.0,0.0,118.0
Educational Services,20-99,2,OH,3,159890.0,1.0,0.0,0.0
Educational Services,20-99,2,OR,114,8951523.0,269.0,0.0,145.0
Educational Services,20-99,2,PA,7,437007.0,26.0,0.0,3.0
Educational Services,20-99,2,PR,10,558545.0,11.0,0.0,10.0
Educational Services,20-99,2,SC,18,1187538.0,35.0,0.0,34.0
Educational Services,20-99,2,SD,1,70039.0,3.0,0.0,3.0
Educational Services,20-99,2,TN,12,842680.0,3.0,0.0,0.0
Educational Services,20-99,2,TX,2,111097.0,0.0,0.0,0.0
Educational Services,20-99,2,UT,2,217277.0,4.0,0.0,0.0
Educational Services,20-99,2,VA,29,2589614.0,36.0,0.0,22.0
Educational Services,20-99,2,WA,3,184697.0,20.0,0.0,8.0
Educational Services,20-99,2,WI,5,409731.0,0.0,0.0,0.0
Educational Services,100-249,3,AR,2,454503.0,9.0,0.0,3.0
Educational Services,100-249,3,AZ,3,680064.0,33.0,0.0,16.0
Educational Services,100-249,3,CA,6,1423483.0,42.0,0.0,28.0
Educational Services,100-249,3,CO,1,300000.0,2.0,0.0,2.0
Educational Services,100-249,3,CT,62,11391882.0,473.0,0.0,249.0
Educational Services,100-249,3,FL,5,1266939.0,8.0,0.0,7.0
Educational Services,100-249,3,IA,1,277383.0,2.0,0.0,1.0
Educational Services,100-249,3,IL,28,5424232.0,208.0,0.0,42.0
Educational Services,100-249,3,IN,20,4416550.0,56.0,0.0,37.0
Educational Services,100-249,3,LA,2,328512.0,1.0,0.0,1.0
Educational Services,100-249,3,MD,5,1263198.0,20.0,0.0,11.0
Educational Services,100-249,3,ME,2,356991.0,9.0,0.0,5.0
Educational Services,100-249,3,MI,6,1118230.0,22.0,0.0,12.0
Educational Services,100-249,3,MN,281,52667746.0,1131.0,1.0,424.0
Educational Services,100-249,3,NC,3,753829.0,14.0,0.0,1.0
Educational Services,100-249,3,NJ,10,2093586.0,33.0,0.0,26.0
Educational Services,100-249,3,NY,43,8627428.0,215.0,0.0,88.0
Educational Services,100-249,3,OH,4,821029.0,9.0,0.0,7.0
Educational Services,100-249,3,OR,14,3218924.0,57.0,0.0,41.0
Educational Services,100-249,3,PA,4,1186930.0,45.0,0.0,34.0
Educational Services,100-249,3,PR,4,642169.0,14.0,0.0,4.0
Educational Services,100-249,3,SC,34,4563708.0,113.0,0.0,99.0
Educational Services,100-249,3,TN,1,302026.0,2.0,0.0,0.0
Educational Services,100-249,3,TX,2,637255.0,3.0,0.0,0.0
Educational Services,100-249,3,UT,1,223317.0,6.0,0.0,0.0
Educational Services,100-249,3,VA,16,3346544.0,54.0,0.0,26.0
Educational Services,100-249,3,WA,3,453176.0,20.0,0.0,6.0
Educational Services,100-249,3,WI,5,888266.0,3.0,0.0,2.0
Educational Services,100-249,3,WV,2,547163.0,9.0,0.0,1.0
Educational Services,250+,4,AK,2,10141469.0,193.0,0.0,79.0
Educational Services,250+,4,AL,1,674000.0,5.0,0.0,0.0
Educational Services,250+,4,AZ,5,14074996.0,118.0,0.0,49.0
Educational Services,250+,4,CA,28,313177667.0,2416.0,1.0,1178.0
Educational Services,250+,4,CT,35,39886334.0,624.0,0.0,440.0
Educational Services,250+,4,DC,1,843688.0,2.0,0.0,2.0
Educational Services,250+,4,FL,4,3343860.0,25.0,0.0,16.0
Educational Services,250+,4,IA,3,49269706.0,1056.0,0.0,351.0
Educational Services,250+,4,IL,112,294088821.0,4207.0,0.0,1136.0
Educational Services,250+,4,IN,11,10711775.0,189.0,0.0,99.0
Educational Services,250+,4,KY,4,5291111.0,65.0,0.0,21.0
Educational Services,250+,4,LA,4,46474876.0,147.0,0.0,35.0
Educational Services,250+,4,MA,5,5527134.0,87.0,0.0,28.0
Educational Services,250+,4,MD,6,7708225.0,73.0,0.0,39.0
Educational Services,250+,4,ME,2,2421230.0,32.0,0.0,13.0
Educational Services,250+,4,MI,37,48584520.0,401.0,0.0,109.0
Educational Services,250+,4,MN,82,94644893.0,811.0,0.0,352.0
Educational Services,250+,4,MO,3,2734934.0,21.0,0.0,8.0
Educational Services,250+,4,NC,8,9900374.0,98.0,0.0,52.0
Educational Services,250+,4,ND,1,809120.0,3.0,0.0,2.0
Educational Services,250+,4,NJ,13,8527937.0,485.0,1.0,174.0
Educational Services,250+,4,NM,4,11576873.0,105.0,0.0,58.0
Educational Services,250+,4,NV,2,2303957.0,45.0,0.0,27.0
Educational Services,250+,4,NY,17,81759549.0,1017.0,0.0,172.0
Educational Services,250+,4,OH,2,1145567.0,7.0,0.0,4.0
Educational Services,250+,4,OK,1,535751.0,2.0,0.0,2.0
Educational Services,250+,4,OR,13,59068871.0,869.0,1.0,380.0
Educational Services,250+,4,PA,8,35897555.0,164.0,0.0,66.0
Educational Services,250+,4,PR,6,4229345.0,64.0,0.0,41.0
Educational Services,250+,4,SC,14,31932840.0,552.0,0.0,326.0
Educational Services,250+,4,TN,6,16763406.0,216.0,0.0,154.0
Educational Services,250+,4,TX,2,2356535.0,17.0,0.0,10.0
Educational Services,250+,4,UT,3,25683451.0,127.0,0.0,59.0
Educational Services,250+,4,VA,17,45883187.0,435.0,0.0,331.0
Educational Services,250+,4,VT,1,882929.0,23.0,0.0,6.0
Educational Services,250+,4,WA,8,27620558.0,296.0,0.0,165.0
Educational Services,250+,4,WI,5,4056741.0,65.0,0.0,22.0
Educational Services,250+,4,WV,2,1515283.0,14.0,0.0,5.0
Educational Services,250+,4,WY,1,3027175.0,21.0,0.0,20.0
Finance and Insurance,Under 20,1,AK,1,2081.0,0.0,0.0,0.0
Finance and Insurance,Under 20,1,AL,8,85475.0,0.0,0.0,0.0
Finance and Insurance,Under 20,1,AR,1,16648.0,0.0,0.0,0.0
Finance and Insurance,Under 20,1,AZ,6,164547.0,0.0,0.0,0.0
Finance and Insurance,Under 20,1,CA,16,225384.0,5.0,0.0,5.0
Finance and Insurance,Under 20,1,CO,1,29120.0,0.0,0.0,0.0
Finance and Insurance,Under 20,1,CT,2,36389.0,1.0,0.0,1.0
Finance and Insurance,Under 20,1,DE,1,20000.0,0.0,0.0,0.0
Finance and Insurance,Under 20,1,FL,13,198097.0,0.0,0.0,0.0
Finance and Insurance,Under 20,1,GA,4,87386.0,0.0,0.0,0.0
Finance and Insurance,Under 20,1,HI,3,46579.0,0.0,0.0,0.0
Finance and Insurance,Under 20,1,IA,6,71835.0,0.0,0.0,0.0
Finance and Insurance,Under 20,1,ID,1,13527.0,0.0,0.0,0.0
Finance and Insurance,Under 20,1,IL,13,184867.0,2.0,0.0,2.0
Finance and Insurance,Under 20,1,IN,3,44762.0,0.0,0.0,0.0
Finance and Insurance,Under 20,1,KS,2,10303.0,1.0,0.0,1.0
Finance and Insurance,Under 20,1,KY,1,18729.0,0.0,0.0,0.0
Finance and Insurance,Under 20,1,MA,2,43850.0,0.0,0.0,0.0
Finance and Insurance,Under 20,1,MD,2,18635.0,0.0,0.0,0.0
Finance and Insurance,Under 20,1,ME,12,95629.0,1.0,0.0,0.0
Finance and Insurance,Under 20,1,MI,6,92428.0,0.0,0.0,0.0
Finance and Insurance,Under 20,1,MN,89,1301207.0,5.0,0.0,2.0
Finance and Insurance,Under 20,1,MO,8,118391.0,0.0,0.0,0.0
Finance and Insurance,Under 20,1,MS,2,20780.0,0.0,0.0,0.0
Finance and Insurance,Under 20,1,NC,26,261542.0,0.0,0.0,0.0
Finance and Insurance,Under 20,1,ND,16,281304.0,0.0,0.0,0.0
Finance and Insurance,Under 20,1,NH,7,133460.0,2.0,0.0,0.0
Finance and Insurance,Under 20,1,NJ,1,12480.0,0.0,0.0,0.0
Finance and Insurance,Under 20,1,NV,2,39846.0,0.0,0.0,0.0
Finance and Insurance,Under 20,1,NY,12,201748.0,0.0,0.0,0.0
Finance and Insurance,Under 20,1,OH,13,198152.0,0.0,0.0,0.0
Finance and Insurance,Under 20,1,OK,1,7817.0,0.0,0.0,0.0
Finance and Insurance,Under 20,1,OR,1,6568.0,0.0,0.0,0.0
Finance and Insurance,Under 20,1,PA,3,45719.0,0.0,0.0,0.0
Finance and Insurance,Under 20,1,PR,56,794010.0,14.0,0.0,13.0
Finance and Insurance,Under 20,1,RI,1,19229.0,0.0,0.0,0.0
Finance and Insurance,Under 20,1,SD,1,6243.0,0.0,0.0,0.0
Finance and Insurance,Under 20,1,TN,11,117554.0,1.0,0.0,0.0
Finance and Insurance,Under 20,1,TX,28,391970.0,0.0,0.0,0.0
Finance and Insurance,Under 20,1,UT,3,52358.0,0.0,0.0,0.0
Finance and Insurance,Under 20,1,VA,4,71283.0,0.0,0.0,0.0
Finance and Insurance,Under 20,1,WA,9,107553.0,0.0,0.0,0.0
Finance and Insurance,Under 20,1,WI,24,369939.0,5.0,0.0,0.0
Finance and Insurance,20-99,2,AK,1,48307.0,0.0,0.0,0.0
Finance and Insurance,20-99,2,AL,2,152663.0,0.0,0.0,0.0
Finance and Insurance,20-99,2,AR,1,34831.0,0.0,0.0,0.0
Finance and Insurance,20-99,2,AZ,10,502209.0,0.0,0.0,0.0
Finance and Insurance,20-99,2,CA,16,1323807.0,14.0,0.0,10.0
Finance and Insurance,20-99,2,CO,2,176937.0,0.0,0.0,0.0
Finance and Insurance,20-99,2,CT,1,40580.0,0.0,0.0,0.0
Finance and Insurance,20-99,2,DE,1,143635.0,0.0,0.0,0.0
Finance and Insurance,20-99,2,FL,7,470319.0,0.0,0.0,0.0
Finance and Insurance,20-99,2,GA,12,930964.0,8.0,0.0,3.0
Finance and Insurance,20-99,2,IA,6,406391.0,0.0,0.0,0.0
Finance and Insurance,20-99,2,IL,5,623055.0,0.0,0.0,0.0
Finance and Insurance,20-99,2,IN,5,307964.0,1.0,0.0,1.0
Finance and Insurance,20-99,2,KS,4,338207.0,0.0,0.0,0.0
Finance and Insurance,20-99,2,KY,1,83494.0,0.0,0.0,0.0
Finance and Insurance,20-99,2,LA,1,27053.0,0.0,0.0,0.0
Finance and Insurance,20-99,2,MA,2,123784.0,0.0,0.0,0.0
Finance and Insurance,20-99,2,MD,2,191404.0,0.0,0.0,0.0
Finance and Insurance,20-99,2,ME,1,140113.0,3.0,0.0,0.0
Finance and Insurance,20-99,2,MI,4,347082.0,0.0,0.0,0.0
Finance and Insurance,20-99,2,MN,60,4399846.0,17.0,0.0,5.0
Finance and Insurance,20-99,2,MO,2,127254.0,0.0,0.0,0.0
Finance and Insurance,20-99,2,MS,1,32256.0,0.0,0.0,0.0
Finance and Insurance,20-99,2,NC,4,211367.0,0.0,0.0,0.0
Finance and Insurance,20-99,2,ND,6,544380.0,1.0,0.0,0.0
Finance and Insurance,20-99,2,NE,1,69658.0,0.0,0.0,0.0
Finance and Insurance,20-99,2,NH,1,194843.0,1.0,0.0,0.0
Finance and Insurance,20-99,2,NJ,4,304563.0,0.0,0.0,0.0
Finance and Insurance,20-99,2,NV,2,96671.0,0.0,0.0,0.0
Finance and Insurance,20-99,2,NY,10,729038.0,2.0,0.0,2.0
Finance and Insurance,20-99,2,OH,7,802508.0,0.0,0.0,0.0
Finance and Insurance,20-99,2,OK,3,96912.0,0.0,0.0,0.0
Finance and Insurance,20-99,2,OR,2,216937.0,0.0,0.0,0.0
Finance and Insurance,20-99,2,PA,5,438599.0,1.0,0.0,0.0
Finance and Insurance,20-99,2,PR,4,229992.0,3.0,0.0,2.0
Finance and Insurance,20-99,2,RI,2,300994.0,0.0,0.0,0.0
Finance and Insurance,20-99,2,SD,4,192025.0,2.0,0.0,1.0
Finance and Insurance,20-99,2,TN,4,383447.0,1.0,0.0,0.0
Finance and Insurance,20-99,2,TX,13,1098576.0,1.0,0.0,0.0
Finance and Insurance,20-99,2,UT,1,22891.0,0.0,0.0,0.0
Finance and Insurance,20-99,2,VA,2,107747.0,0.0,0.0,0.0
Finance and Insurance,20-99,2,VI,2,35459.0,5.0,0.0,0.0
Finance and Insurance,20-99,2,WA,1,164320.0,1.0,0.0,1.0
Finance and Insurance,20-99,2,WI,3,308688.0,0.0,0.0,0.0
Finance and Insurance,100-249,3,AZ,1,275879.0,0.0,0.0,0.0
Finance and Insurance,100-249,3,CA,8,2226104.0,33.0,0.0,22.0
Finance and Insurance,100-249,3,CO,4,973591.0,1.0,0.0,0.0
Finance and Insurance,100-249,3,CT,1,295122.0,0.0,0.0,0.0
Finance and Insurance,100-249,3,DE,1,221667.0,0.0,0.0,0.0
Finance and Insurance,100-249,3,FL,6,1826949.0,3.0,0.0,0.0
Finance and Insurance,100-249,3,HI,1,278994.0,2.0,0.0,0.0
Finance and Insurance,100-249,3,IA,2,516390.0,6.0,0.0,0.0
Finance and Insurance,100-249,3,IL,4,1263651.0,10.0,0.0,4.0
Finance and Insurance,100-249,3,IN,3,699155.0,3.0,0.0,1.0
Finance and Insurance,100-249,3,KS,2,562270.0,5.0,0.0,1.0
Finance and Insurance,100-249,3,MA,1,208232.0,0.0,0.0,0.0
Finance and Insurance,100-249,3,MI,1,226908.0,8.0,0.0,2.0
Finance and Insurance,100-249,3,MN,10,3014574.0,4.0,0.0,1.0
Finance and Insurance,100-249,3,MS,1,512036.0,6.0,0.0,1.0
Finance and Insurance,100-249,3,NC,3,947708.0,0.0,0.0,0.0
Finance and Insurance,100-249,3,NE,1,166000.0,1.0,0.0,0.0
Finance and Insurance,100-249,3,NJ,1,357760.0,0.0,0.0,0.0
Finance and Insurance,100-249,3,NV,1,431253.0,0.0,0.0,0.0
Finance and Insurance,100-249,3,NY,4,983079.0,2.0,0.0,2.0
Finance and Insurance,100-249,3,OH,2,500291.0,0.0,0.0,0.0
Finance and Insurance,100-249,3,OK,1,266500.0,0.0,0.0,0.0
Finance and Insurance,100-249,3,OR,2,400457.0,0.0,0.0,0.0
Finance and Insurance,100-249,3,PA,2,418080.0,0.0,0.0,0.0
Finance and Insurance,100-249,3,PR,1,290986.0,3.0,0.0,3.0
Finance and Insurance,100-249,3,RI,1,268274.0,3.0,0.0,3.0
Finance and Insurance,100-249,3,SC,1,360218.0,5.0,0.0,1.0
Finance and Insurance,100-249,3,TN,3,766428.0,3.0,0.0,1.0
Finance and Insurance,100-249,3,TX,4,1134537.0,0.0,0.0,0.0
Finance and Insurance,100-249,3,UT,2,620111.0,1.0,0.0,1.0
Finance and Insurance,100-249,3,VA,1,258267.0,0.0,0.0,0.0
Finance and Insurance,100-249,3,WA,1,214240.0,0.0,0.0,0.0
Finance and Insurance,250+,4,AR,1,1324960.0,0.0,0.0,0.0
Finance and Insurance,250+,4,AZ,2,4263888.0,1.0,0.0,1.0
Finance and Insurance,250+,4,CA,11,10575197.0,61.0,0.0,37.0
Finance and Insurance,250+,4,FL,4,6825364.0,2.0,0.0,1.0
Finance and Insurance,250+,4,GA,2,3081017.0,1.0,0.0,1.0
Finance and Insurance,250+,4,IA,1,1263108.0,2.0,0.0,0.0
Finance and Insurance,250+,4,IL,6,5168747.0,9.0,0.0,8.0
Finance and Insurance,250+,4,IN,2,1823936.0,8.0,0.0,4.0
Finance and Insurance,250+,4,KS,1,467526.0,1.0,0.0,1.0
Finance and Insurance,250+,4,KY,2,1880497.0,6.0,0.0,5.0
Finance and Insurance,250+,4,LA,1,5769896.0,7.0,0.0,1.0
Finance and Insurance,250+,4,MA,3,5751134.0,14.0,0.0,1.0
Finance and Insurance,250+,4,MI,1,42660800.0,58.0,0.0,11.0
Finance and Insurance,250+,4,MN,14,42544145.0,27.0,0.0,17.0
Finance and Insurance,250+,4,MS,2,1979063.0,9.0,0.0,2.0
Finance and Insurance,250+,4,NC,5,12664482.0,4.0,0.0,2.0
Finance and Insurance,250+,4,NV,3,10226401.0,312.0,0.0,44.0
Finance and Insurance,250+,4,NY,4,3364934.0,6.0,0.0,4.0
Finance and Insurance,250+,4,OH,4,20352534.0,14.0,0.0,7.0
Finance and Insurance,250+,4,OK,1,622090.0,2.0,0.0,1.0
Finance and Insurance,250+,4,OR,2,908194.0,1.0,0.0,0.0
Finance and Insurance,250+,4,PA,4,19118300.0,19.0,0.0,9.0
Finance and Insurance,250+,4,PR,4,6643825.0,24.0,0.0,9.0
Finance and Insurance,250+,4,RI,1,1069262.0,10.0,0.0,0.0
Finance and Insurance,250+,4,SD,1,473014.0,2.0,0.0,2.0
Finance and Insurance,250+,4,TN,3,12494568.0,6.0,0.0,0.0
Finance and Insurance,250+,4,TX,12,20984518.0,28.0,0.0,10.0
Finance and Insurance,250+,4,UT,3,2842368.0,2.0,0.0,0.0
Finance and Insurance,250+,4,VA,4,2115318.0,6.0,0.0,2.0
Finance and Insurance,250+,4,WI,2,4780560.0,4.0,0.0,4.0
Health Care and Social Assistance,Under 20,1,AK,26,525391.0,9.0,0.0,4.0
Health Care and Social Assistance,Under 20,1,AL,109,1733387.0,30.0,0.0,11.0
Health Care and Social Assistance,Under 20,1,AR,155,2895958.0,36.0,0.0,21.0
Health Care and Social Assistance,Under 20,1,AZ,258,4399638.0,93.0,0.0,30.0
Health Care and Social Assistance,Under 20,1,CA,1567,20555401.0,630.0,1.0,272.0
Health Care and Social Assistance,Under 20,1,CO,181,2638825.0,70.0,0.0,37.0
Health Care and Social Assistance,Under 20,1,CT,227,3672104.0,116.0,0.0,54.0
Health Care and Social Assistance,Under 20,1,DC,21,301869.0,2.0,0.0,2.0
Health Care and Social Assistance,Under 20,1,DE,50,651030.0,13.0,0.0,11.0
Health Care and Social Assistance,Under 20,1,FL,281,4405208.0,107.0,0.0,47.0
Health Care and Social Assistance,Under 20,1,GA,227,3618618.0,81.0,0.0,37.0
Health Care and Social Assistance,Under 20,1,HI,59,1081782.0,19.0,0.0,10.0
Health Care and Social Assistance,Under 20,1,IA,196,2970489.0,66.0,0.0,31.0
Health Care and Social Assistance,Under 20,1,ID,72,950865.0,42.0,0.0,14.0
Health Care and Social Assistance,Under 20,1,IL,413,5952103.0,115.0,0.0,51.0
Health Care and Social Assistance,Under 20,1,IN,215,3501214.0,78.0,0.0,43.0
Health Care and Social Assistance,Under 20,1,KS,143,3019881.0,60.0,0.0,25.0
Health Care and Social Assistance,Under 20,1,KY,189,2805146.0,55.0,0.0,15.0
Health Care and Social Assistance,Under 20,1,LA,172,2471884.0,25.0,0.0,8.0
Health Care and Social Assistance,Under 20,1,MA,197,3286525.0,112.0,0.0,63.0
Health Care and Social Assistance,Under 20,1,MD,65,949492.0,25.0,0.0,13.0
Health Care and Social Assistance,Under 20,1,ME,123,2056749.0,51.0,0.0,40.0
Health Care and Social Assistance,Under 20,1,MI,294,4777390.0,88.0,0.0,41.0
Health Care and Social Assistance,Under 20,1,MN,496,7308124.0,212.0,0.0,86.0
Health Care and Social Assistance,Under 20,1,MO,189,3566819.0,69.0,0.0,54.0
Health Care and Social Assistance,Under 20,1,MS,84,1426310.0,20.0,1.0,9.0
Health Care and Social Assistance,Under 20,1,MT,26,381041.0,12.0,0.0,5.0
Health Care and Social Assistance,Under 20,1,NC,345,5532464.0,84.0,2.0,51.0
Health Care and Social Assistance,Under 20,1,ND,48,783284.0,12.0,0.0,7.0
Health Care and Social Assistance,Under 20,1,NE,51,716396.0,11.0,0.0,3.0
Health Care and Social Assistance,Under 20,1,NH,74,1086200.0,39.0,0.0,23.0
Health Care and Social Assistance,Under 20,1,NJ,270,3791072.0,83.0,0.0,57.0
Health Care and Social Assistance,Under 20,1,NM,39,740945.0,7.0,0.0,4.0
Health Care and Social Assistance,Under 20,1,NV,73,1129539.0,12.0,0.0,4.0
Health Care and Social Assistance,Under 20,1,NY,778,13946481.0,301.0,0.0,196.0
Health Care and Social Assistance,Under 20,1,OH,379,5311440.0,120.0,0.0,61.0
Health Care and Social Assistance,Under 20,1,OK,100,2025617.0,16.0,0.0,7.0
Health Care and Social Assistance,Under 20,1,OR,251,3813677.0,114.0,0.0,53.0
Health Care and Social Assistance,Under 20,1,PA,410,5851161.0,138.0,0.0,77.0
Health Care and Social Assistance,Under 20,1,PR,81,891491.0,42.0,0.0,33.0
Health Care and Social Assistance,Under 20,1,RI,39,669942.0,34.0,0.0,17.0
Health Care and Social Assistance,Under 20,1,SC,64,1050063.0,26.0,1.0,11.0
Health Care and Social Assistance,Under 20,1,SD,12,245191.0,6.0,0.0,3.0
Health Care and Social Assistance,Under 20,1,TN,174,3146822.0,37.0,0.0,22.0
Health Care and Social Assistance,Under 20,1,TX,379,6332482.0,101.0,0.0,57.0
Health Care and Social Assistance,Under 20,1,UT,49,749663.0,24.0,0.0,10.0
Health Care and Social Assistance,Under 20,1,VA,224,3232811.0,71.0,0.0,31.0
Health Care and Social Assistance,Under 20,1,VI,5,30803.0,0.0,0.0,0.0
Health Care and Social Assistance,Under 20,1,VT,25,281496.0,3.0,0.0,1.0
Health Care and Social Assistance,Under 20,1,WA,265,3912672.0,123.0,0.0,59.0
Health Care and Social Assistance,Under 20,1,WI,186,2920194.0,56.0,0.0,27.0
Health Care and Social Assistance,Under 20,1,WV,69,1214832.0,18.0,0.0,10.0
Health Care and Social Assistance,Under 20,1,WY,48,722340.0,9.0,0.0,7.0
Health Care and Social Assistance,20-99,2,AE,1,62304.0,4.0,0.0,2.0
Health Care and Social Assistance,20-99,2,AK,36,2982939.0,63.0,0.0,36.0
Health Care and Social Assistance,20-99,2,AL,195,18351646.0,366.0,0.0,204.0
Health Care and Social Assistance,20-99,2,AR,182,17009769.0,326.0,0.0,220.0
Health Care and Social Assistance,20-99,2,AZ,304,21836653.0,571.0,0.0,315.0
Health Care and Social Assistance,20-99,2,CA,1886,138053192.0,4658.0,0.0,2818.0
Health Care and Social Assistance,20-99,2,CO,326,25397924.0,848.0,0.0,507.0
Health Care and Social Assistance,20-99,2,CT,270,17853994.0,599.0,0.0,383.0
Health Care and Social Assistance,20-99,2,DC,13,1311532.0,11.0,0.0,5.0
Health Care and Social Assistance,20-99,2,DE,50,3359798.0,83.0,0.0,47.0
Health Care and Social Assistance,20-99,2,FL,772,60281570.0,1411.0,0.0,783.0
Health Care and Social Assistance,20-99,2,GA,399,32022665.0,890.0,0.0,512.0
Health Care and Social Assistance,20-99,2,HI,61,4315136.0,65.0,0.0,40.0
Health Care and Social Assistance,20-99,2,IA,502,33143705.0,1010.0,0.0,543.0
Health Care and Social Assistance,20-99,2,ID,135,10421921.0,341.0,0.0,194.0
Health Care and Social Assistance,20-99,2,IL,776,60537437.0,1728.0,1.0,984.0
Health Care and Social Assistance,20-99,2,IN,491,39766205.0,972.0,1.0,567.0
Health Care and Social Assistance,20-99,2,KS,290,23293021.0,514.0,0.0,281.0
Health Care and Social Assistance,20-99,2,KY,357,28134423.0,681.0,0.0,340.0
Health Care and Social Assistance,20-99,2,LA,256,21345020.0,269.0,0.0,128.0
Health Care and Social Assistance,20-99,2,MA,344,29420389.0,940.0,1.0,551.0
Health Care and Social Assistance,20-99,2,MD,180,15798529.0,457.0,0.0,270.0
Health Care and Social Assistance,20-99,2,ME,134,10124835.0,447.0,0.0,287.0
Health Care and Social Assistance,20-99,2,MI,690,49519028.0,1240.0,0.0,642.0
Health Care and Social Assistance,20-99,2,MN,1177,77306142.0,1987.0,0.0,1027.0
Health Care and Social Assistance,20-99,2,MO,415,33649310.0,772.0,0.0,424.0
Health Care and Social Assistance,20-99,2,MS,145,13725506.0,249.0,1.0,154.0
Health Care and Social Assistance,20-99,2,MT,87,7395007.0,243.0,0.0,105.0
Health Care and Social Assistance,20-99,2,NC,751,61539140.0,1336.0,0.0,759.0
Health Care and Social Assistance,20-99,2,ND,84,5644006.0,95.0,0.0,30.0
Health Care and Social Assistance,20-99,2,NE,169,13076445.0,314.0,0.0,156.0
Health Care and Social Assistance,20-99,2,NH,118,9079876.0,385.0,0.0,185.0
Health Care and Social Assistance,20-99,2,NJ,298,25976573.0,626.0,0.0,352.0
Health Care and Social Assistance,20-99,2,NM,93,7931266.0,175.0,0.0,103.0
Health Care and Social Assistance,20-99,2,NV,133,9422573.0,247.0,0.0,120.0
Health Care and Social Assistance,20-99,2,NY,893,63162957.0,1663.0,0.0,974.0
Health Care and Social Assistance,20-99,2,OH,1139,84363511.0,1642.0,0.0,910.0
Health Care and Social Assistance,20-99,2,OK,216,18181997.0,425.0,0.0,294.0
Health Care and Social Assistance,20-99,2,OR,408,31141982.0,1026.0,0.0,665.0
Health Care and Social Assistance,20-99,2,PA,766,58652889.0,1699.0,0.0,990.0
Health Care and Social Assistance,20-99,2,PR,68,4799759.0,161.0,0.0,73.0
Health Care and Social Assistance,20-99,2,RI,60,4523399.0,147.0,0.0,99.0
Health Care and Social Assistance,20-99,2,SC,249,18332351.0,450.0,1.0,234.0
Health Care and Social Assistance,20-99,2,SD,94,7755744.0,242.0,0.0,113.0
Health Care and Social Assistance,20-99,2,TN,349,29733796.0,709.0,0.0,384.0
Health Care and Social Assistance,20-99,2,TX,1275,104266913.0,2198.0,0.0,1220.0
Health Care and Social Assistance,20-99,2,UT,124,8729309.0,258.0,0.0,112.0
Health Care and Social Assistance,20-99,2,VA,461,36535944.0,932.0,0.0,594.0
Health Care and Social Assistance,20-99,2,VI,3,191642.0,3.0,1.0,3.0
Health Care and Social Assistance,20-99,2,VT,28,2275263.0,106.0,0.0,70.0
Health Care and Social Assistance,20-99,2,WA,518,39803875.0,1531.0,0.0,953.0
Health Care and Social Assistance,20-99,2,WI,553,36553198.0,995.0,0.0,574.0
Health Care and Social Assistance,20-99,2,WV,124,11908336.0,498.0,0.0,375.0
Health Care and Social Assistance,20-99,2,WY,32,2292202.0,72.0,0.0,36.0
Health Care and Social Assistance,100-249,3,AK,17,4097912.0,103.0,0.0,48.0
Health Care and Social Assistance,100-249,3,AL,159,37456555.0,1058.0,0.0,690.0
Health Care and Social Assistance,100-249,3,AR,94,22839508.0,561.0,0.0,324.0
Health Care and Social Assistance,100-249,3,AZ,156,37806042.0,811.0,0.0,458.0
Health Care and Social Assistance,100-249,3,CA,729,172062237.0,5149.0,0.0,3329.0
Health Care and Social Assistance,100-249,3,CO,148,32630911.0,969.0,0.0,584.0
Health Care and Social Assistance,100-249,3,CT,145,30112413.0,1108.0,0.0,820.0
Health Care and Social Assistance,100-249,3,DC,10,3192664.0,48.0,0.0,30.0
Health Care and Social Assistance,100-249,3,DE,38,9098656.0,260.0,0.0,189.0
Health Care and Social Assistance,100-249,3,FL,611,139890618.0,3315.0,1.0,2077.0
Health Care and Social Assistance,100-249,3,GA,145,37908347.0,998.0,0.0,543.0
Health Care and Social Assistance,100-249,3,HI,27,5729452.0,104.0,0.0,73.0
Health Care and Social Assistance,100-249,3,IA,144,32760187.0,888.0,0.0,535.0
Health Care and Social Assistance,100-249,3,ID,41,9252814.0,229.0,0.0,146.0
Health Care and Social Assistance,100-249,3,IL,421,93172246.0,2608.0,0.0,1659.0
Health Care and Social Assistance,100-249,3,IN,301,63615012.0,1577.0,0.0,984.0
Health Care and Social Assistance,100-249,3,KS,122,27299951.0,563.0,0.0,288.0
Health Care and Social Assistance,100-249,3,KY,190,43878605.0,1064.0,0.0,667.0
Health Care and Social Assistance,100-249,3,LA,179,42788010.0,577.0,1.0,294.0
Health Care and Social Assistance,100-249,3,MA,214,47801792.0,1162.0,0.0,831.0
Health Care and Social Assistance,100-249,3,MD,147,32967721.0,903.0,0.0,666.0
Health Care and Social Assistance,100-249,3,ME,52,11611515.0,569.0,0.0,422.0
Health Care and Social Assistance,100-249,3,MI,376,94768192.0,1938.0,1.0,1180.0
Health Care and Social Assistance,100-249,3,MN,335,70968798.0,1841.0,1.0,1030.0
Health Care and Social Assistance,100-249,3,MO,153,36425411.0,1059.0,0.0,591.0
Health Care and Social Assistance,100-249,3,MS,87,19110954.0,347.0,0.0,179.0
Health Care and Social Assistance,100-249,3,MT,24,5084916.0,146.0,0.0,63.0
Health Care and Social Assistance,100-249,3,NC,253,57749473.0,1139.0,0.0,695.0
Health Care and Social Assistance,100-249,3,ND,60,13799006.0,344.0,0.0,154.0
Health Care and Social Assistance,100-249,3,NE,76,17524217.0,344.0,0.0,186.0
Health Care and Social Assistance,100-249,3,NH,40,8790351.0,341.0,0.0,179.0
Health Care and Social Assistance,100-249,3,NJ,223,53007990.0,1404.0,0.0,996.0
Health Care and Social Assistance,100-249,3,NM,26,5992627.0,182.0,0.0,107.0
Health Care and Social Assistance,100-249,3,NV,68,17843889.0,453.0,0.0,216.0
Health Care and Social Assistance,100-249,3,NY,373,91285491.0,2431.0,0.0,1602.0
Health Care and Social Assistance,100-249,3,OH,584,121366796.0,2454.0,0.0,1450.0
Health Care and Social Assistance,100-249,3,OK,90,23240230.0,557.0,0.0,309.0
Health Care and Social Assistance,100-249,3,OR,134,30490193.0,948.0,0.0,572.0
Health Care and Social Assistance,100-249,3,PA,480,112193464.0,3025.0,0.0,1929.0
Health Care and Social Assistance,100-249,3,PR,10,2675380.0,72.0,0.0,46.0
Health Care and Social Assistance,100-249,3,RI,37,7554431.0,245.0,0.0,175.0
Health Care and Social Assistance,100-249,3,SC,140,33919486.0,785.0,0.0,538.0
Health Care and Social Assistance,100-249,3,SD,48,10320297.0,321.0,0.0,152.0
Health Care and Social Assistance,100-249,3,TN,173,41603044.0,1097.0,0.0,656.0
Health Care and Social Assistance,100-249,3,TX,674,145537697.0,2750.0,0.0,1606.0
Health Care and Social Assistance,100-249,3,UT,73,16757169.0,471.0,0.0,206.0
Health Care and Social Assistance,100-249,3,VA,224,53778910.0,1222.0,2.0,753.0
Health Care and Social Assistance,100-249,3,VT,7,1651194.0,68.0,0.0,22.0
Health Care and Social Assistance,100-249,3,WA,196,45785929.0,1375.0,0.0,923.0
Health Care and Social Assistance,100-249,3,WI,166,32936564.0,802.0,0.0,452.0
Health Care and Social Assistance,100-249,3,WV,55,11679009.0,445.0,0.0,308.0
Health Care and Social Assistance,100-249,3,WY,11,2063960.0,83.0,0.0,63.0
Health Care and Social Assistance,250+,4,AK,14,23772622.0,558.0,0.0,218.0
Health Care and Social Assistance,250+,4,AL,46,58736127.0,1049.0,1.0,414.0
Health Care and Social Assistance,250+,4,AR,43,72378063.0,1455.0,0.0,405.0
Health Care and Social Assistance,250+,4,AZ,105,173424335.0,3533.0,0.0,1267.0
Health Care and Social Assistance,250+,4,CA,576,1154850364.0,29667.0,4.0,15061.0
Health Care and Social Assistance,250+,4,CO,79,139068323.0,3137.0,0.0,1145.0
Health Care and Social Assistance,250+,4,CT,77,162832677.0,4073.0,1.0,2143.0
Health Care and Social Assistance,250+,4,DC,9,39032139.0,1255.0,0.0,542.0
Health Care and Social Assistance,250+,4,DE,18,36716233.0,671.0,0.0,324.0
Health Care and Social Assistance,250+,4,FL,413,905500528.0,14019.0,1.0,6040.0
Health Care and Social Assistance,250+,4,GA,119,380527419.0,7587.0,0.0,2597.0
Health Care and Social Assistance,250+,4,HI,11,12889051.0,251.0,0.0,128.0
Health Care and Social Assistance,250+,4,IA,70,74144141.0,1946.0,0.0,787.0
Health Care and Social Assistance,250+,4,ID,25,59202562.0,1343.0,0.0,619.0
Health Care and Social Assistance,250+,4,IL,237,439302205.0,8841.0,0.0,3594.0
Health Care and Social Assistance,250+,4,IN,117,249269570.0,5751.0,1.0,2297.0
Health Care and Social Assistance,250+,4,KS,41,52602122.0,1363.0,0.0,539.0
Health Care and Social Assistance,250+,4,KY,78,125271655.0,2897.0,0.0,996.0
Health Care and Social Assistance,250+,4,LA,69,108697833.0,1318.0,0.0,336.0
Health Care and Social Assistance,250+,4,MA,151,363734831.0,7792.0,1.0,3974.0
Health Care and Social Assistance,250+,4,MD,92,182706433.0,4463.0,1.0,1904.0
Health Care and Social Assistance,250+,4,ME,38,46115942.0,1592.0,0.0,886.0
Health Care and Social Assistance,250+,4,MI,181,321375826.0,8467.0,1.0,3684.0
Health Care and Social Assistance,250+,4,MN,178,293105236.0,6649.0,0.0,3483.0
Health Care and Social Assistance,250+,4,MO,110,237803951.0,4781.0,0.0,1827.0
Health Care and Social Assistance,250+,4,MS,30,46986804.0,752.0,0.0,248.0
Health Care and Social Assistance,250+,4,MT,19,33452403.0,574.0,0.0,204.0
Health Care and Social Assistance,250+,4,NC,154,340267234.0,8062.0,0.0,2974.0
Health Care and Social Assistance,250+,4,ND,19,31408236.0,788.0,0.0,242.0
Health Care and Social Assistance,250+,4,NE,32,48558029.0,1065.0,0.0,288.0
Health Care and Social Assistance,250+,4,NH,41,56069458.0,1504.0,0.0,546.0
Health Care and Social Assistance,250+,4,NJ,148,741746912.0,8831.0,1.0,4165.0
Health Care and Social Assistance,250+,4,NM,8,6759132.0,246.0,0.0,87.0
Health Care and Social Assistance,250+,4,NV,39,76889964.0,1714.0,0.0,735.0
Health Care and Social Assistance,250+,4,NY,476,995701237.0,17877.0,5.0,9042.0
Health Care and Social Assistance,250+,4,OH,284,576470701.0,9570.0,0.0,2816.0
Health Care and Social Assistance,250+,4,OK,43,58973492.0,1315.0,1.0,505.0
Health Care and Social Assistance,250+,4,OR,74,101472989.0,2912.0,1.0,1780.0
Health Care and Social Assistance,250+,4,PA,330,597132579.0,12812.0,0.0,5784.0
Health Care and Social Assistance,250+,4,PR,11,13071626.0,432.0,0.0,205.0
Health Care and Social Assistance,250+,4,RI,19,43200790.0,1221.0,0.0,638.0
Health Care and Social Assistance,250+,4,SC,78,135597898.0,3256.0,0.0,1183.0
Health Care and Social Assistance,250+,4,SD,23,36023408.0,935.0,0.0,290.0
Health Care and Social Assistance,250+,4,TN,145,660929696.0,3570.0,0.0,1173.0
Health Care and Social Assistance,250+,4,TX,368,688198996.0,15371.0,1.0,6458.0
Health Care and Social Assistance,250+,4,UT,45,68851223.0,1431.0,0.0,542.0
Health Care and Social Assistance,250+,4,VA,144,258368610.0,6771.0,0.0,2776.0
Health Care and Social Assistance,250+,4,VI,1,379980.0,39.0,0.0,14.0
Health Care and Social Assistance,250+,4,VT,5,4822506.0,121.0,0.0,41.0
Health Care and Social Assistance,250+,4,WA,118,216734403.0,6578.0,1.0,3367.0
Health Care and Social Assistance,250+,4,WI,106,129269086.0,2798.0,0.0,1104.0
Health Care and Social Assistance,250+,4,WV,48,86510545.0,2009.0,0.0,551.0
Health Care and Social Assistance,250+,4,WY,3,2892179.0,91.0,0.0,34.0
Information,Under 20,1,AK,5,56582.0,0.0,0.0,0.0
Information,Under 20,1,AL,5,52163.0,3.0,0.0,2.0
Information,Under 20,1,AR,4,18412.0,0.0,0.0,0.0
Information,Under 20,1,AZ,18,185974.0,6.0,0.0,3.0
Information,Under 20,1,CA,16,302291.0,2.0,0.0,2.0
Information,Under 20,1,CO,6,101667.0,1.0,0.0,1.0
Information,Under 20,1,CT,15,220191.0,3.0,0.0,2.0
Information,Under 20,1,DC,2,69376.0,0.0,0.0,0.0
Information,Under 20,1,DE,2,24960.0,0.0,0.0,0.0
Information,Under 20,1,FL,16,238316.0,2.0,0.0,1.0
Information,Under 20,1,GA,12,122201.0,4.0,0.0,2.0
Information,Under 20,1,HI,2,35360.0,1.0,0.0,1.0
Information,Under 20,1,IA,13,93782.0,1.0,0.0,0.0
Information,Under 20,1,ID,8,171238.0,4.0,0.0,4.0
Information,Under 20,1,IL,30,446410.0,11.0,0.0,9.0
Information,Under 20,1,IN,19,279514.0,4.0,0.0,4.0
Information,Under 20,1,KS,4,60452.0,1.0,0.0,1.0
Information,Under 20,1,KY,3,38860.0,0.0,0.0,0.0
Information,Under 20,1,LA,6,84972.0,2.0,0.0,1.0
Information,Under 20,1,MA,1,13159.0,0.0,0.0,0.0
Information,Under 20,1,MD,7,109576.0,0.0,0.0,0.0
Information,Under 20,1,ME,3,31368.0,0.0,0.0,0.0
Information,Under 20,1,MI,3,33405.0,0.0,0.0,0.0
Information,Under 20,1,MN,17,249147.0,2.0,0.0,1.0
Information,Under 20,1,MO,35,457537.0,4.0,0.0,2.0
Information,Under 20,1,MS,10,168180.0,3.0,0.0,3.0
Information,Under 20,1,NC,7,81470.0,0.0,0.0,0.0
Information,Under 20,1,ND,4,67864.0,0.0,0.0,0.0
Information,Under 20,1,NE,12,168411.0,1.0,0.0,1.0
Information,Under 20,1,NH,1,26573.0,0.0,0.0,0.0
Information,Under 20,1,NJ,1,20800.0,0.0,0.0,0.0
Information,Under 20,1,NM,6,92704.0,4.0,0.0,2.0
Information,Under 20,1,NV,1,18218.0,0.0,0.0,0.0
Information,Under 20,1,NY,6,116822.0,0.0,0.0,0.0
Information,Under 20,1,OH,6,115899.0,0.0,0.0,0.0
Information,Under 20,1,OK,10,158870.0,3.0,0.0,3.0
Information,Under 20,1,OR,3,29207.0,1.0,0.0,1.0
Information,Under 20,1,PA,5,79034.0,3.0,0.0,3.0
Information,Under 20,1,PR,87,1532145.0,24.0,0.0,17.0
Information,Under 20,1,RI,1,31824.0,0.0,0.0,0.0
Information,Under 20,1,SC,12,156277.0,0.0,0.0,0.0
Information,Under 20,1,SD,3,63322.0,0.0,0.0,0.0
Information,Under 20,1,TN,9,169663.0,4.0,0.0,3.0
Information,Under 20,1,TX,30,460738.0,6.0,0.0,6.0
Information,Under 20,1,VA,7,131680.0,0.0,0.0,0.0
Information,Under 20,1,VI,6,95680.0,0.0,0.0,0.0
Information,Under 20,1,VT,1,23261.0,0.0,0.0,0.0
Information,Under 20,1,WA,3,44093.0,1.0,0.0,0.0
Information,Under 20,1,WI,1,13205.0,0.0,0.0,0.0
Information,Under 20,1,WV,2,45760.0,0.0,0.0,0.0
Information,20-99,2,AK,2,72817.0,0.0,0.0,0.0
Information,20-99,2,AL,35,1999626.0,34.0,0.0,27.0
Information,20-99,2,AR,14,702558.0,10.0,0.0,8.0
Information,20-99,2,AZ,16,1328123.0,20.0,0.0,15.0
Information,20-99,2,CA,226,15631157.0,345.0,0.0,276.0
Information,20-99,2,CO,9,695548.0,14.0,0.0,13.0
Information,20-99,2,CT,22,1144516.0,12.0,0.0,7.0
Information,20-99,2,DE,3,260670.0,2.0,0.0,2.0
Information,20-99,2,FL,87,6289985.0,70.0,0.0,58.0
Information,20-99,2,GA,85,5208061.0,71.0,0.0,59.0
Information,20-99,2,GU,1,88334.0,0.0,0.0,0.0
Information,20-99,2,HI,3,165969.0,0.0,0.0,0.0
Information,20-99,2,IA,21,1507963.0,23.0,0.0,13.0
Information,20-99,2,ID,5,482916.0,3.0,0.0,2.0
Information,20-99,2,IL,79,5667248.0,105.0,0.0,86.0
Information,20-99,2,IN,33,2256069.0,35.0,0.0,21.0
Information,20-99,2,KS,12,849674.0,9.0,0.0,8.0
Information,20-99,2,KY,19,1034652.0,23.0,0.0,15.0
Information,20-99,2,LA,35,2198967.0,27.0,0.0,24.0
Information,20-99,2,MA,5,595519.0,0.0,0.0,0.0
Information,20-99,2,MD,9,950222.0,5.0,0.0,4.0
Information,20-99,2,ME,6,449636.0,7.0,1.0,7.0
Information,20-99,2,MI,39,2254915.0,46.0,0.0,35.0
Information,20-99,2,MN,14,1152942.0,11.0,0.0,9.0
Information,20-99,2,MO,39,2449247.0,51.0,0.0,36.0
Information,20-99,2,MS,26,1325325.0,10.0,0.0,7.0
Information,20-99,2,MT,2,260104.0,0.0,0.0,0.0
Information,20-99,2,NC,41,2932734.0,44.0,0.0,41.0
Information,20-99,2,ND,5,358327.0,0.0,0.0,0.0
Information,20-99,2,NE,13,933070.0,19.0,0.0,17.0
Information,20-99,2,NH,4,328870.0,14.0,0.0,11.0
Information,20-99,2,NJ,9,735935.0,0.0,0.0,0.0
Information,20-99,2,NM,2,126563.0,1.0,0.0,1.0
Information,20-99,2,NV,9,533602.0,24.0,0.0,14.0
Information,20-99,2,NY,24,1994363.0,9.0,0.0,4.0
Information,20-99,2,OH,38,2892683.0,48.0,0.0,41.0
Information,20-99,2,OK,18,1538939.0,20.0,0.0,17.0
Information,20-99,2,OR,9,501720.0,3.0,0.0,3.0
Information,20-99,2,PA,10,1029058.0,6.0,0.0,3.0
Information,20-99,2,PR,37,2472449.0,61.0,0.0,50.0
Information,20-99,2,RI,2,91247.0,0.0,0.0,0.0
Information,20-99,2,SC,40,3112600.0,45.0,0.0,34.0
Information,20-99,2,SD,2,150642.0,3.0,0.0,0.0
Information,20-99,2,TN,39,2563508.0,39.0,0.0,30.0
Information,20-99,2,TX,135,9129615.0,106.0,1.0,71.0
Information,20-99,2,UT,4,435492.0,2.0,0.0,0.0
Information,20-99,2,VA,17,1113727.0,3.0,0.0,2.0
Information,20-99,2,VI,1,49920.0,0.0,0.0,0.0
Information,20-99,2,VT,3,165726.0,5.0,0.0,4.0
Information,20-99,2,WA,9,571738.0,5.0,0.0,5.0
Information,20-99,2,WI,20,1064239.0,18.0,0.0,13.0
Information,20-99,2,WY,1,48000.0,4.0,0.0,1.0
Information,100-249,3,AK,1,274565.0,2.0,0.0,2.0
Information,100-249,3,AL,3,500114.0,0.0,0.0,0.0
Information,100-249,3,AR,1,190569.0,3.0,0.0,3.0
Information,100-249,3,AZ,7,1962471.0,9.0,0.0,8.0
Information,100-249,3,CA,44,11252227.0,151.0,0.0,122.0
Information,100-249,3,CO,1,274880.0,0.0,0.0,0.0
Information,100-249,3,CT,5,1230424.0,4.0,0.0,2.0
Information,100-249,3,DC,4,1160193.0,1.0,0.0,1.0
Information,100-249,3,FL,16,3552430.0,12.0,0.0,10.0
Information,100-249,3,GA,7,1753299.0,13.0,0.0,10.0
Information,100-249,3,IA,2,681460.0,10.0,0.0,9.0
Information,100-249,3,IL,8,2284925.0,16.0,0.0,14.0
Information,100-249,3,IN,3,578517.0,1.0,0.0,1.0
Information,100-249,3,KS,3,1088541.0,13.0,0.0,5.0
Information,100-249,3,KY,12,2892317.0,33.0,0.0,21.0
Information,100-249,3,LA,1,338028.0,4.0,0.0,2.0
Information,100-249,3,MA,2,735461.0,0.0,0.0,0.0
Information,100-249,3,MD,2,346341.0,0.0,0.0,0.0
Information,100-249,3,ME,1,331930.0,0.0,0.0,0.0
Information,100-249,3,MI,7,1057171.0,7.0,0.0,5.0
Information,100-249,3,MN,9,2017901.0,3.0,0.0,2.0
Information,100-249,3,MO,9,2394131.0,18.0,0.0,13.0
Information,100-249,3,MT,1,290008.0,3.0,0.0,3.0
Information,100-249,3,NC,6,2222957.0,9.0,0.0,7.0
Information,100-249,3,ND,2,644295.0,2.0,0.0,1.0
Information,100-249,3,NE,1,39304.0,0.0,0.0,0.0
Information,100-249,3,NH,3,857298.0,4.0,0.0,2.0
Information,100-249,3,NJ,5,1380542.0,1.0,0.0,0.0
Information,100-249,3,NV,2,351838.0,2.0,0.0,1.0
Information,100-249,3,NY,12,3810630.0,19.0,0.0,6.0
Information,100-249,3,OH,3,926893.0,3.0,0.0,2.0
Information,100-249,3,OK,1,149911.0,0.0,0.0,0.0
Information,100-249,3,OR,1,102666.0,0.0,0.0,0.0
Information,100-249,3,PA,8,2086053.0,7.0,0.0,3.0
Information,100-249,3,PR,2,443040.0,4.0,0.0,3.0
Information,100-249,3,SC,6,2136304.0,10.0,0.0,4.0
Information,100-249,3,SD,1,211241.0,0.0,0.0,0.0
Information,100-249,3,TN,6,1592175.0,13.0,0.0,13.0
Information,100-249,3,TX,23,6037011.0,47.0,0.0,41.0
Information,100-249,3,UT,3,1103050.0,6.0,0.0,4.0
Information,100-249,3,VA,5,1699629.0,13.0,0.0,8.0
Information,100-249,3,VT,1,392810.0,11.0,0.0,11.0
Information,100-249,3,WA,2,796000.0,0.0,0.0,0.0
Information,100-249,3,WI,2,656980.0,0.0,0.0,0.0
Information,100-249,3,WV,2,608545.0,1.0,0.0,1.0
Information,250+,4,AK,1,539546.0,1.0,0.0,1.0
Information,250+,4,AL,2,2390507.0,10.0,0.0,9.0
Information,250+,4,AR,1,929533.0,7.0,0.0,3.0
Information,250+,4,AZ,6,6045723.0,26.0,0.0,6.0
Information,250+,4,CA,78,99383496.0,429.0,1.0,217.0
Information,250+,4,CO,10,7353545.0,8.0,0.0,6.0
Information,250+,4,CT,3,14018164.0,38.0,0.0,26.0
Information,250+,4,DC,2,1669953.0,1.0,0.0,1.0
Information,250+,4,FL,22,26375870.0,104.0,0.0,69.0
Information,250+,4,GA,17,41285325.0,80.0,0.0,56.0
Information,250+,4,HI,1,781112.0,1.0,0.0,1.0
Information,250+,4,IA,2,1165634.0,5.0,0.0,1.0
Information,250+,4,ID,1,588000.0,0.0,0.0,0.0
Information,250+,4,IL,10,10465546.0,20.0,0.0,17.0
Information,250+,4,IN,2,1191054.0,4.0,0.0,2.0
Information,250+,4,KS,3,2154928.0,20.0,0.0,15.0
Information,250+,4,KY,4,4937385.0,21.0,0.0,8.0
Information,250+,4,LA,2,1510470.0,3.0,0.0,2.0
Information,250+,4,MA,4,6809012.0,9.0,0.0,3.0
Information,250+,4,MD,4,5010548.0,8.0,0.0,3.0
Information,250+,4,MI,4,3964530.0,2.0,0.0,1.0
Information,250+,4,MN,7,13378589.0,64.0,0.0,40.0
Information,250+,4,MO,10,8679601.0,16.0,0.0,6.0
Information,250+,4,MT,1,613437.0,2.0,0.0,1.0
Information,250+,4,NC,15,14850898.0,56.0,0.0,30.0
Information,250+,4,NE,3,3663214.0,25.0,0.0,8.0
Information,250+,4,NH,1,549487.0,1.0,0.0,1.0
Information,250+,4,NJ,12,35515681.0,26.0,0.0,9.0
Information,250+,4,NY,32,33333709.0,149.0,0.0,75.0
Information,250+,4,OH,8,6144999.0,43.0,0.0,30.0
Information,250+,4,OK,5,3840431.0,27.0,0.0,24.0
Information,250+,4,PA,8,9804259.0,23.0,0.0,10.0
Information,250+,4,PR,4,4159833.0,42.0,0.0,30.0
Information,250+,4,SC,3,4339409.0,43.0,0.0,23.0
Information,250+,4,SD,1,403337.0,0.0,0.0,0.0
Information,250+,4,TN,5,3219958.0,12.0,0.0,5.0
Information,250+,4,TX,51,87588237.0,257.0,0.0,172.0
Information,250+,4,UT,1,725097.0,10.0,0.0,2.0
Information,250+,4,VA,14,19502006.0,65.0,0.0,54.0
Information,250+,4,WA,6,20728842.0,55.0,0.0,25.0
Information,250+,4,WI,4,2750082.0,4.0,0.0,2.0
Information,250+,4,WV,1,626000.0,1.0,0.0,1.0
Management of Companies and Enterprises,Under 20,1,AK,4,60161.0,0.0,0.0,0.0
Management of Companies and Enterprises,Under 20,1,AL,3,52408.0,0.0,0.0,0.0
Management of Companies and Enterprises,Under 20,1,AZ,6,95995.0,1.0,0.0,0.0
Management of Companies and Enterprises,Under 20,1,CA,126,1245990.0,5.0,0.0,1.0
Management of Companies and Enterprises,Under 20,1,CO,9,236004.0,1.0,0.0,0.0
Management of Companies and Enterprises,Under 20,1,CT,2,48835.0,0.0,0.0,0.0
Management of Companies and Enterprises,Under 20,1,DC,3,62425.0,0.0,0.0,0.0
Management of Companies and Enterprises,Under 20,1,DE,1,30469.0,0.0,0.0,0.0
Management of Companies and Enterprises,Under 20,1,FL,11,154513.0,2.0,0.0,1.0
Management of Companies and Enterprises,Under 20,1,GA,7,45904.0,0.0,0.0,0.0
Management of Companies and Enterprises,Under 20,1,HI,3,48293.0,1.0,0.0,1.0
Management of Companies and Enterprises,Under 20,1,IA,8,95267.0,2.0,0.0,1.0
Management of Companies and Enterprises,Under 20,1,ID,6,112558.0,0.0,0.0,0.0
Management of Companies and Enterprises,Under 20,1,IL,5,50289.0,0.0,0.0,0.0
Management of Companies and Enterprises,Under 20,1,IN,9,165066.0,2.0,0.0,0.0
Management of Companies and Enterprises,Under 20,1,KS,4,58669.0,1.0,0.0,1.0
Management of Companies and Enterprises,Under 20,1,KY,6,118567.0,0.0,0.0,0.0
Management of Companies and Enterprises,Under 20,1,LA,5,56905.0,0.0,0.0,0.0
Management of Companies and Enterprises,Under 20,1,MA,2,50430.0,0.0,0.0,0.0
Management of Companies and Enterprises,Under 20,1,MD,4,56176.0,0.0,0.0,0.0
Management of Companies and Enterprises,Under 20,1,ME,3,42552.0,2.0,0.0,2.0
Management of Companies and Enterprises,Under 20,1,MI,7,192781.0,0.0,0.0,0.0
Management of Companies and Enterprises,Under 20,1,MN,10,181463.0,1.0,0.0,0.0
Management of Companies and Enterprises,Under 20,1,MO,5,131682.0,1.0,0.0,0.0
Management of Companies and Enterprises,Under 20,1,MS,1,8320.0,0.0,0.0,0.0
Management of Companies and Enterprises,Under 20,1,MT,1,12480.0,0.0,0.0,0.0
Management of Companies and Enterprises,Under 20,1,NC,10,180176.0,0.0,0.0,0.0
Management of Companies and Enterprises,Under 20,1,ND,1,13454.0,0.0,0.0,0.0
Management of Companies and Enterprises,Under 20,1,NE,2,43593.0,1.0,0.0,0.0
Management of Companies and Enterprises,Under 20,1,NH,1,16364.0,0.0,0.0,0.0
Management of Companies and Enterprises,Under 20,1,NJ,3,46374.0,0.0,0.0,0.0
Management of Companies and Enterprises,Under 20,1,NV,6,118320.0,2.0,0.0,2.0
Management of Companies and Enterprises,Under 20,1,NY,12,275514.0,0.0,0.0,0.0
Management of Companies and Enterprises,Under 20,1,OH,5,82109.0,1.0,0.0,1.0
Management of Companies and Enterprises,Under 20,1,OK,1,52185.0,1.0,0.0,1.0
Management of Companies and Enterprises,Under 20,1,OR,6,90063.0,0.0,0.0,0.0
Management of Companies and Enterprises,Under 20,1,PA,6,92182.0,1.0,0.0,1.0
Management of Companies and Enterprises,Under 20,1,PR,3,51556.0,4.0,0.0,2.0
Management of Companies and Enterprises,Under 20,1,RI,1,12040.0,0.0,0.0,0.0
Management of Companies and Enterprises,Under 20,1,SC,12,196807.0,2.0,0.0,1.0
Management of Companies and Enterprises,Under 20,1,SD,1,24070.0,0.0,0.0,0.0
Management of Companies and Enterprises,Under 20,1,TN,4,113700.0,0.0,0.0,0.0
Management of Companies and Enterprises,Under 20,1,TX,10,202545.0,0.0,0.0,0.0
Management of Companies and Enterprises,Under 20,1,UT,1,42595.0,0.0,0.0,0.0
Management of Companies and Enterprises,Under 20,1,VA,10,128673.0,2.0,0.0,0.0
Management of Companies and Enterprises,Under 20,1,WA,4,70536.0,1.0,0.0,1.0
Management of Companies and Enterprises,Under 20,1,WI,8,188363.0,2.0,0.0,1.0
Management of Companies and Enterprises,Under 20,1,WV,1,19808.0,0.0,0.0,0.0
Management of Companies and Enterprises,20-99,2,AK,4,201519.0,2.0,0.0,2.0
Management of Companies and Enterprises,20-99,2,AL,8,1040657.0,5.0,0.0,2.0
Management of Companies and Enterprises,20-99,2,AR,6,420883.0,1.0,0.0,0.0
Management of Companies and Enterprises,20-99,2,AZ,12,1112557.0,1.0,0.0,0.0
Management of Companies and Enterprises,20-99,2,CA,78,6240457.0,40.0,0.0,18.0
Management of Companies and Enterprises,20-99,2,CO,10,760806.0,2.0,0.0,0.0
Management of Companies and Enterprises,20-99,2,CT,8,695578.0,5.0,0.0,5.0
Management of Companies and Enterprises,20-99,2,DC,5,343313.0,2.0,0.0,0.0
Management of Companies and Enterprises,20-99,2,DE,3,375620.0,1.0,0.0,1.0
Management of Companies and Enterprises,20-99,2,FL,23,1888273.0,9.0,0.0,1.0
Management of Companies and Enterprises,20-99,2,GA,14,1245439.0,1.0,0.0,1.0
Management of Companies and Enterprises,20-99,2,HI,3,344097.0,2.0,0.0,2.0
Management of Companies and Enterprises,20-99,2,IA,13,1121410.0,4.0,0.0,4.0
Management of Companies and Enterprises,20-99,2,ID,4,409113.0,1.0,0.0,1.0
Management of Companies and Enterprises,20-99,2,IL,12,1609993.0,1.0,0.0,1.0
Management of Companies and Enterprises,20-99,2,IN,11,1114352.0,1.0,0.0,1.0
Management of Companies and Enterprises,20-99,2,KS,11,1024101.0,6.0,0.0,5.0
Management of Companies and Enterprises,20-99,2,KY,6,606611.0,4.0,0.0,3.0
Management of Companies and Enterprises,20-99,2,LA,6,446171.0,0.0,0.0,0.0
Management of Companies and Enterprises,20-99,2,MA,8,870269.0,13.0,0.0,3.0
Management of Companies and Enterprises,20-99,2,MD,8,567474.0,2.0,0.0,2.0
Management of Companies and Enterprises,20-99,2,ME,3,284090.0,2.0,0.0,1.0
Management of Companies and Enterprises,20-99,2,MI,21,2232917.0,1.0,0.0,1.0
Management of Companies and Enterprises,20-99,2,MN,37,3043750.0,22.0,0.0,12.0
Management of Companies and Enterprises,20-99,2,MO,7,560389.0,1.0,0.0,1.0
Management of Companies and Enterprises,20-99,2,MS,5,536025.0,0.0,0.0,0.0
Management of Companies and Enterprises,20-99,2,MT,1,43694.0,1.0,0.0,0.0
Management of Companies and Enterprises,20-99,2,NC,33,2972286.0,1.0,0.0,1.0
Management of Companies and Enterprises,20-99,2,NE,3,328635.0,1.0,0.0,0.0
Management of Companies and Enterprises,20-99,2,NH,1,53408.0,2.0,0.0,2.0
Management of Companies and Enterprises,20-99,2,NJ,12,1045638.0,2.0,0.0,1.0
Management of Companies and Enterprises,20-99,2,NM,6,591441.0,0.0,0.0,0.0
Management of Companies and Enterprises,20-99,2,NV,5,515881.0,0.0,0.0,0.0
Management of Companies and Enterprises,20-99,2,NY,19,1723147.0,8.0,0.0,4.0
Management of Companies and Enterprises,20-99,2,OH,35,2765631.0,13.0,0.0,4.0
Management of Companies and Enterprises,20-99,2,OK,2,67289.0,0.0,0.0,0.0
Management of Companies and Enterprises,20-99,2,OR,7,612849.0,0.0,0.0,0.0
Management of Companies and Enterprises,20-99,2,PA,28,2624147.0,8.0,0.0,6.0
Management of Companies and Enterprises,20-99,2,PR,2,233223.0,2.0,0.0,0.0
Management of Companies and Enterprises,20-99,2,RI,5,439186.0,5.0,0.0,1.0
Management of Companies and Enterprises,20-99,2,SC,6,656115.0,5.0,0.0,3.0
Management of Companies and Enterprises,20-99,2,SD,2,186943.0,1.0,0.0,0.0
Management of Companies and Enterprises,20-99,2,TN,15,1212332.0,5.0,0.0,5.0
Management of Companies and Enterprises,20-99,2,TX,38,3147937.0,7.0,0.0,5.0
Management of Companies and Enterprises,20-99,2,UT,3,265009.0,0.0,0.0,0.0
Management of Companies and Enterprises,20-99,2,VA,13,978085.0,0.0,0.0,0.0
Management of Companies and Enterprises,20-99,2,VT,2,257007.0,2.0,0.0,1.0
Management of Companies and Enterprises,20-99,2,WA,9,658510.0,1.0,0.0,1.0
Management of Companies and Enterprises,20-99,2,WI,15,1442080.0,14.0,0.0,8.0
Management of Companies and Enterprises,20-99,2,WV,1,137220.0,1.0,0.0,1.0
Management of Companies and Enterprises,100-249,3,AL,2,646493.0,0.0,0.0,0.0
Management of Companies and Enterprises,100-249,3,AR,1,324965.0,1.0,0.0,0.0
Management of Companies and Enterprises,100-249,3,AZ,6,1837200.0,5.0,0.0,0.0
Management of Companies and Enterprises,100-249,3,CA,26,7832711.0,30.0,0.0,21.0
Management of Companies and Enterprises,100-249,3,CO,3,746320.0,0.0,0.0,0.0
Management of Companies and Enterprises,100-249,3,CT,1,359577.0,0.0,0.0,0.0
Management of Companies and Enterprises,100-249,3,FL,12,4097640.0,8.0,0.0,4.0
Management of Companies and Enterprises,100-249,3,GA,6,1757480.0,1.0,0.0,0.0
Management of Companies and Enterprises,100-249,3,IA,7,2048750.0,4.0,0.0,1.0
Management of Companies and Enterprises,100-249,3,ID,1,153619.0,1.0,0.0,0.0
Management of Companies and Enterprises,100-249,3,IL,9,3035005.0,10.0,0.0,1.0
Management of Companies and Enterprises,100-249,3,IN,6,2504203.0,3.0,0.0,0.0
Management of Companies and Enterprises,100-249,3,KS,1,201302.0,2.0,0.0,1.0
Management of Companies and Enterprises,100-249,3,KY,4,1275894.0,6.0,0.0,1.0
Management of Companies and Enterprises,100-249,3,LA,1,372688.0,1.0,0.0,1.0
Management of Companies and Enterprises,100-249,3,MA,3,1548835.0,0.0,0.0,0.0
Management of Companies and Enterprises,100-249,3,MD,6,1433212.0,5.0,0.0,4.0
Management of Companies and Enterprises,100-249,3,ME,1,200105.0,0.0,0.0,0.0
Management of Companies and Enterprises,100-249,3,MI,16,4973216.0,7.0,0.0,4.0
Management of Companies and Enterprises,100-249,3,MN,17,4841543.0,6.0,0.0,4.0
Management of Companies and Enterprises,100-249,3,MO,5,1408276.0,20.0,0.0,16.0
Management of Companies and Enterprises,100-249,3,MS,4,1039910.0,1.0,0.0,1.0
Management of Companies and Enterprises,100-249,3,NC,10,3096527.0,4.0,0.0,0.0
Management of Companies and Enterprises,100-249,3,NE,1,224640.0,0.0,0.0,0.0
Management of Companies and Enterprises,100-249,3,NJ,7,2106185.0,1.0,0.0,1.0
Management of Companies and Enterprises,100-249,3,NM,4,1011258.0,0.0,0.0,0.0
Management of Companies and Enterprises,100-249,3,NV,2,590938.0,0.0,0.0,0.0
Management of Companies and Enterprises,100-249,3,NY,13,4327539.0,14.0,0.0,6.0
Management of Companies and Enterprises,100-249,3,OH,14,4481010.0,9.0,0.0,3.0
Management of Companies and Enterprises,100-249,3,OR,4,1352614.0,1.0,0.0,1.0
Management of Companies and Enterprises,100-249,3,PA,11,2936856.0,1.0,0.0,1.0
Management of Companies and Enterprises,100-249,3,PR,2,485273.0,2.0,0.0,1.0
Management of Companies and Enterprises,100-249,3,SC,1,309611.0,1.0,0.0,0.0
Management of Companies and Enterprises,100-249,3,SD,1,286442.0,1.0,0.0,0.0
Management of Companies and Enterprises,100-249,3,TN,7,1973128.0,2.0,0.0,2.0
Management of Companies and Enterprises,100-249,3,TX,19,6135762.0,9.0,0.0,3.0
Management of Companies and Enterprises,100-249,3,UT,1,321848.0,0.0,0.0,0.0
Management of Companies and Enterprises,100-249,3,VA,4,888389.0,1.0,0.0,1.0
Management of Companies and Enterprises,100-249,3,VT,3,575813.0,3.0,0.0,3.0
Management of Companies and Enterprises,100-249,3,WA,4,865494.0,0.0,0.0,0.0
Management of Companies and Enterprises,100-249,3,WI,10,3168652.0,9.0,0.0,6.0
Management of Companies and Enterprises,250+,4,AK,2,2035856.0,2.0,0.0,1.0
Management of Companies and Enterprises,250+,4,AL,1,1307810.0,0.0,0.0,0.0
Management of Companies and Enterprises,250+,4,AR,1,964378.0,0.0,0.0,0.0
Management of Companies and Enterprises,250+,4,AZ,3,3362063.0,4.0,0.0,2.0
Management of Companies and Enterprises,250+,4,CA,33,48278482.0,86.0,0.0,36.0
Management of Companies and Enterprises,250+,4,CO,7,11996179.0,20.0,0.0,7.0
Management of Companies and Enterprises,250+,4,CT,2,2677946.0,2.0,0.0,2.0
Management of Companies and Enterprises,250+,4,FL,9,10571582.0,35.0,0.0,9.0
Management of Companies and Enterprises,250+,4,GA,10,17045612.0,8.0,0.0,0.0
Management of Companies and Enterprises,250+,4,IA,8,9038221.0,17.0,0.0,7.0
Management of Companies and Enterprises,250+,4,ID,3,3552449.0,7.0,0.0,1.0
Management of Companies and Enterprises,250+,4,IL,16,16548617.0,11.0,0.0,5.0
Management of Companies and Enterprises,250+,4,IN,9,14465102.0,42.0,0.0,29.0
Management of Companies and Enterprises,250+,4,KS,2,2471204.0,2.0,0.0,2.0
Management of Companies and Enterprises,250+,4,KY,5,5072842.0,5.0,0.0,3.0
Management of Companies and Enterprises,250+,4,LA,2,1949637.0,0.0,0.0,0.0
Management of Companies and Enterprises,250+,4,MA,8,24293642.0,14.0,0.0,5.0
Management of Companies and Enterprises,250+,4,MD,6,6273263.0,57.0,0.0,47.0
Management of Companies and Enterprises,250+,4,ME,2,2346289.0,2.0,0.0,0.0
Management of Companies and Enterprises,250+,4,MI,17,32853244.0,22.0,0.0,12.0
Management of Companies and Enterprises,250+,4,MN,18,41836532.0,29.0,0.0,11.0
Management of Companies and Enterprises,250+,4,MO,5,8463304.0,11.0,0.0,7.0
Management of Companies and Enterprises,250+,4,MS,1,771891.0,1.0,0.0,0.0
Management of Companies and Enterprises,250+,4,NC,9,22847057.0,36.0,0.0,21.0
Management of Companies and Enterprises,250+,4,ND,1,486181.0,0.0,0.0,0.0
Management of Companies and Enterprises,250+,4,NE,5,3961177.0,6.0,0.0,1.0
Management of Companies and Enterprises,250+,4,NH,2,1590846.0,1.0,0.0,1.0
Management of Companies and Enterprises,250+,4,NJ,20,47564116.0,161.0,0.0,83.0
Management of Companies and Enterprises,250+,4,NM,3,10980272.0,1.0,0.0,0.0
Management of Companies and Enterprises,250+,4,NV,5,7211767.0,6.0,0.0,3.0
Management of Companies and Enterprises,250+,4,NY,14,25949609.0,316.0,1.0,280.0
Management of Companies and Enterprises,250+,4,OH,8,7690845.0,7.0,0.0,3.0
Management of Companies and Enterprises,250+,4,OK,2,5602112.0,4.0,0.0,3.0
Management of Companies and Enterprises,250+,4,OR,1,22089120.0,24.0,0.0,11.0
Management of Companies and Enterprises,250+,4,PA,15,33432032.0,168.0,0.0,74.0
Management of Companies and Enterprises,250+,4,RI,3,4314405.0,7.0,0.0,5.0
Management of Companies and Enterprises,250+,4,SC,4,6208348.0,9.0,0.0,8.0
Management of Companies and Enterprises,250+,4,TN,8,10675919.0,55.0,0.0,36.0
Management of Companies and Enterprises,250+,4,TX,17,40582872.0,66.0,0.0,38.0
Management of Companies and Enterprises,250+,4,UT,1,2550299.0,0.0,0.0,0.0
Management of Companies and Enterprises,250+,4,VA,16,21037703.0,42.0,0.0,22.0
Management of Companies and Enterprises,250+,4,WA,8,6939313.0,34.0,0.0,19.0
Management of Companies and Enterprises,250+,4,WI,13,24159985.0,25.0,0.0,12.0
Manufacturing,Under 20,1,AK,17,348733.0,4.0,0.0,3.0
Manufacturing,Under 20,1,AL,143,3107397.0,63.0,0.0,33.0
Manufacturing,Under 20,1,AR,69,1476195.0,23.0,0.0,11.0
Manufacturing,Under 20,1,AZ,141,2570888.0,40.0,0.0,19.0
Manufacturing,Under 20,1,CA,684,13024722.0,227.0,0.0,153.0
Manufacturing,Under 20,1,CO,130,2668892.0,37.0,0.0,20.0
Manufacturing,Under 20,1,CT,78,1713454.0,26.0,0.0,18.0
Manufacturing,Under 20,1,DC,6,116717.0,2.0,0.0,2.0
Manufacturing,Under 20,1,DE,11,266153.0,9.0,0.0,6.0
Manufacturing,Under 20,1,FL,370,7009098.0,110.0,0.0,69.0
Manufacturing,Under 20,1,FM,1,8455.0,0.0,0.0,0.0
Manufacturing,Under 20,1,GA,223,4566460.0,65.0,0.0,44.0
Manufacturing,Under 20,1,HI,36,557854.0,13.0,0.0,8.0
Manufacturing,Under 20,1,IA,107,2359897.0,53.0,0.0,25.0
Manufacturing,Under 20,1,ID,61,1251967.0,34.0,0.0,17.0
Manufacturing,Under 20,1,IL,261,5394687.0,96.0,0.0,55.0
Manufacturing,Under 20,1,IN,229,4323531.0,76.0,0.0,42.0
Manufacturing,Under 20,1,KS,69,1563429.0,40.0,0.0,24.0
Manufacturing,Under 20,1,KY,95,2109259.0,49.0,0.0,26.0
Manufacturing,Under 20,1,LA,111,2571567.0,24.0,0.0,15.0
Manufacturing,Under 20,1,MA,93,1705937.0,27.0,1.0,16.0
Manufacturing,Under 20,1,MD,66,1084027.0,22.0,0.0,17.0
Manufacturing,Under 20,1,ME,31,632721.0,23.0,0.0,9.0
Manufacturing,Under 20,1,MI,322,6764068.0,151.0,0.0,85.0
Manufacturing,Under 20,1,MN,243,4083722.0,102.0,0.0,48.0
Manufacturing,Under 20,1,MO,149,3184039.0,57.0,0.0,34.0
Manufacturing,Under 20,1,MS,49,938834.0,12.0,0.0,9.0
Manufacturing,Under 20,1,MT,32,693848.0,9.0,0.0,7.0
Manufacturing,Under 20,1,NC,283,5250424.0,71.0,0.0,48.0
Manufacturing,Under 20,1,ND,30,593263.0,13.0,0.0,5.0
Manufacturing,Under 20,1,NE,57,1288426.0,25.0,0.0,20.0
Manufacturing,Under 20,1,NH,53,1133143.0,44.0,0.0,25.0
Manufacturing,Under 20,1,NJ,135,2684064.0,69.0,0.0,54.0
Manufacturing,Under 20,1,NM,39,634622.0,8.0,0.0,5.0
Manufacturing,Under 20,1,NV,74,1268341.0,28.0,0.0,21.0
Manufacturing,Under 20,1,NY,240,4827883.0,79.0,0.0,57.0
Manufacturing,Under 20,1,OH,375,8037657.0,140.0,0.0,86.0
Manufacturing,Under 20,1,OK,81,1526154.0,27.0,0.0,22.0
Manufacturing,Under 20,1,OR,166,3016382.0,75.0,0.0,53.0
Manufacturing,Under 20,1,PA,375,7741744.0,161.0,1.0,81.0
Manufacturing,Under 20,1,PR,10,252708.0,8.0,0.0,7.0
Manufacturing,Under 20,1,RI,26,413251.0,3.0,0.0,3.0
Manufacturing,Under 20,1,SC,121,2290090.0,33.0,0.0,19.0
Manufacturing,Under 20,1,SD,48,862520.0,27.0,0.0,10.0
Manufacturing,Under 20,1,TN,191,4188119.0,53.0,0.0,28.0
Manufacturing,Under 20,1,TX,565,12262118.0,179.0,0.0,128.0
Manufacturing,Under 20,1,UT,59,1095662.0,21.0,0.0,12.0
Manufacturing,Under 20,1,VA,126,2483971.0,39.0,0.0,29.0
Manufacturing,Under 20,1,VT,18,374944.0,11.0,0.0,6.0
Manufacturing,Under 20,1,WA,170,3015810.0,80.0,0.0,53.0
Manufacturing,Under 20,1,WI,226,4714519.0,87.0,1.0,51.0
Manufacturing,Under 20,1,WV,31,585493.0,6.0,0.0,4.0
Manufacturing,Under 20,1,WY,15,339587.0,5.0,0.0,4.0
Manufacturing,20-99,2,AK,34,3900800.0,126.0,1.0,87.0
Manufacturing,20-99,2,AL,574,60091157.0,861.0,1.0,501.0
Manufacturing,20-99,2,AR,265,25917752.0,371.0,0.0,192.0
Manufacturing,20-99,2,AZ,390,36693354.0,555.0,1.0,352.0
Manufacturing,20-99,2,CA,2161,203372827.0,3608.0,2.0,2651.0
Manufacturing,20-99,2,CO,437,41699528.0,711.0,1.0,437.0
Manufacturing,20-99,2,CT,408,38865132.0,714.0,0.0,441.0
Manufacturing,20-99,2,DC,5,387782.0,2.0,0.0,0.0
Manufacturing,20-99,2,DE,48,5046454.0,60.0,0.0,44.0
Manufacturing,20-99,2,FL,943,88974764.0,1313.0,1.0,819.0
Manufacturing,20-99,2,GA,969,96362646.0,1280.0,0.0,789.0
Manufacturing,20-99,2,GU,2,106593.0,3.0,0.0,2.0
Manufacturing,20-99,2,HI,23,1791588.0,52.0,0.0,32.0
Manufacturing,20-99,2,IA,524,48875371.0,1068.0,1.0,616.0
Manufacturing,20-99,2,ID,184,17052775.0,415.0,0.0,220.0
Manufacturing,20-99,2,IL,1467,148044377.0,2441.0,0.0,1573.0
Manufacturing,20-99,2,IN,1033,104160759.0,1746.0,0.0,1039.0
Manufacturing,20-99,2,KS,362,34890941.0,611.0,1.0,341.0
Manufacturing,20-99,2,KY,509,49947735.0,738.0,0.0,430.0
Manufacturing,20-99,2,LA,322,31906102.0,230.0,1.0,115.0
Manufacturing,20-99,2,MA,607,59675653.0,996.0,0.0,604.0
Manufacturing,20-99,2,MD,232,22861187.0,338.0,0.0,223.0
Manufacturing,20-99,2,ME,140,13433763.0,452.0,0.0,279.0
Manufacturing,20-99,2,MI,1636,155260371.0,3012.0,2.0,1674.0
Manufacturing,20-99,2,MN,920,84789782.0,1952.0,0.0,1067.0
Manufacturing,20-99,2,MO,674,61465551.0,1225.0,1.0,737.0
Manufacturing,20-99,2,MP,1,100000.0,0.0,0.0,0.0
Manufacturing,20-99,2,MS,264,29358254.0,366.0,1.0,213.0
Manufacturing,20-99,2,MT,74,6077849.0,177.0,0.0,111.0
Manufacturing,20-99,2,NC,995,98882556.0,1386.0,0.0,897.0
Manufacturing,20-99,2,ND,83,7422442.0,154.0,0.0,78.0
Manufacturing,20-99,2,NE,218,21576343.0,426.0,0.0,240.0
Manufacturing,20-99,2,NH,207,20607074.0,444.0,0.0,273.0
Manufacturing,20-99,2,NJ,575,57770545.0,805.0,1.0,567.0
Manufacturing,20-99,2,NM,64,5414213.0,85.0,0.0,55.0
Manufacturing,20-99,2,NV,181,17742815.0,331.0,1.0,227.0
Manufacturing,20-99,2,NY,1071,100183241.0,1692.0,3.0,1058.0
Manufacturing,20-99,2,OH,2115,201491659.0,3056.0,4.0,1792.0
Manufacturing,20-99,2,OK,334,31301618.0,488.0,1.0,321.0
Manufacturing,20-99,2,OR,413,38499781.0,957.0,1.0,585.0
Manufacturing,20-99,2,PA,1795,169783580.0,3333.0,2.0,1895.0
Manufacturing,20-99,2,PR,40,3856991.0,74.0,0.0,66.0
Manufacturing,20-99,2,RI,124,10045143.0,171.0,0.0,98.0
Manufacturing,20-99,2,SC,472,46923905.0,607.0,0.0,384.0
Manufacturing,20-99,2,SD,146,13060742.0,291.0,0.0,157.0
Manufacturing,20-99,2,TN,685,68776165.0,1054.0,1.0,617.0
Manufacturing,20-99,2,TX,2231,226297215.0,2879.0,6.0,2013.0
Manufacturing,20-99,2,UT,240,23801284.0,435.0,0.0,255.0
Manufacturing,20-99,2,VA,441,44808774.0,678.0,1.0,400.0
Manufacturing,20-99,2,VI,3,368249.0,7.0,0.0,6.0
Manufacturing,20-99,2,VT,67,6074637.0,208.0,0.0,122.0
Manufacturing,20-99,2,WA,480,45434111.0,1087.0,0.0,717.0
Manufacturing,20-99,2,WI,1465,139384839.0,2713.0,4.0,1517.0
Manufacturing,20-99,2,WV,140,13330068.0,216.0,0.0,104.0
Manufacturing,20-99,2,WY,28,2525320.0,59.0,0.0,36.0
Manufacturing,100-249,3,AK,9,3295384.0,191.0,0.0,152.0
Manufacturing,100-249,3,AL,283,92060449.0,1245.0,1.0,770.0
Manufacturing,100-249,3,AR,149,47622542.0,559.0,1.0,292.0
Manufacturing,100-249,3,AZ,183,54523892.0,777.0,0.0,548.0
Manufacturing,100-249,3,CA,996,310326807.0,5026.0,2.0,3713.0
Manufacturing,100-249,3,CO,142,42474515.0,591.0,1.0,381.0
Manufacturing,100-249,3,CT,169,50386227.0,844.0,0.0,530.0
Manufacturing,100-249,3,DC,1,265624.0,2.0,0.0,2.0
Manufacturing,100-249,3,DE,13,3830228.0,63.0,0.0,41.0
Manufacturing,100-249,3,FL,381,117834286.0,1643.0,1.0,1064.0
Manufacturing,100-249,3,GA,499,156847501.0,2006.0,3.0,1356.0
Manufacturing,100-249,3,HI,7,1906606.0,28.0,0.0,26.0
Manufacturing,100-249,3,IA,181,56677729.0,1042.0,0.0,592.0
Manufacturing,100-249,3,ID,80,24258411.0,534.0,0.0,307.0
Manufacturing,100-249,3,IL,663,204745471.0,3003.0,1.0,2106.0
Manufacturing,100-249,3,IN,550,169538586.0,2468.0,1.0,1442.0
Manufacturing,100-249,3,KS,169,51205760.0,713.0,2.0,446.0
Manufacturing,100-249,3,KY,260,79119392.0,1111.0,2.0,659.0
Manufacturing,100-249,3,LA,145,49014931.0,298.0,1.0,173.0
Manufacturing,100-249,3,MA,264,79386893.0,1011.0,0.0,731.0
Manufacturing,100-249,3,MD,95,29524154.0,425.0,0.0,287.0
Manufacturing,100-249,3,ME,45,13070861.0,252.0,0.0,175.0
Manufacturing,100-249,3,MI,687,209064829.0,3415.0,1.0,2022.0
Manufacturing,100-249,3,MN,390,115487333.0,2028.0,0.0,1222.0
Manufacturing,100-249,3,MO,308,95078608.0,1589.0,0.0,1004.0
Manufacturing,100-249,3,MS,143,46010157.0,554.0,2.0,351.0
Manufacturing,100-249,3,MT,17,5548861.0,134.0,0.0,90.0
Manufacturing,100-249,3,NC,529,161562306.0,2047.0,1.0,1285.0
Manufacturing,100-249,3,ND,25,7950603.0,156.0,0.0,96.0
Manufacturing,100-249,3,NE,86,27486411.0,377.0,0.0,256.0
Manufacturing,100-249,3,NH,69,20131803.0,263.0,0.0,165.0
Manufacturing,100-249,3,NJ,259,82597105.0,1050.0,0.0,755.0
Manufacturing,100-249,3,NM,18,5986766.0,136.0,0.0,100.0
Manufacturing,100-249,3,NV,75,20981125.0,335.0,0.0,249.0
Manufacturing,100-249,3,NY,423,122362107.0,1735.0,0.0,1190.0
Manufacturing,100-249,3,OH,876,266160012.0,3470.0,3.0,2165.0
Manufacturing,100-249,3,OK,159,50334559.0,700.0,1.0,419.0
Manufacturing,100-249,3,OR,164,47744986.0,957.0,1.0,626.0
Manufacturing,100-249,3,PA,749,224357258.0,3973.0,1.0,2512.0
Manufacturing,100-249,3,PR,29,9236930.0,122.0,1.0,103.0
Manufacturing,100-249,3,RI,44,12619296.0,197.0,0.0,149.0
Manufacturing,100-249,3,SC,249,79728658.0,832.0,2.0,540.0
Manufacturing,100-249,3,SD,34,10272258.0,215.0,0.0,103.0
Manufacturing,100-249,3,TN,372,118697883.0,1537.0,16.0,952.0
Manufacturing,100-249,3,TX,910,301384634.0,3257.0,3.0,2320.0
Manufacturing,100-249,3,UT,127,41131302.0,599.0,0.0,326.0
Manufacturing,100-249,3,VA,223,69315387.0,923.0,0.0,579.0
Manufacturing,100-249,3,VT,24,7105242.0,233.0,0.0,156.0
Manufacturing,100-249,3,WA,203,60555701.0,1453.0,0.0,1034.0
Manufacturing,100-249,3,WI,689,211606757.0,3398.0,1.0,2071.0
Manufacturing,100-249,3,WV,54,17293503.0,213.0,0.0,150.0
Manufacturing,100-249,3,WY,11,2865526.0,34.0,0.0,23.0
Manufacturing,250+,4,AA,1,752317.0,11.0,0.0,8.0
Manufacturing,250+,4,AK,11,12287595.0,310.0,0.0,236.0
Manufacturing,250+,4,AL,211,288718698.0,3375.0,3.0,2121.0
Manufacturing,250+,4,AR,127,158720528.0,1445.0,0.0,823.0
Manufacturing,250+,4,AZ,115,188587927.0,1572.0,2.0,1155.0
Manufacturing,250+,4,CA,576,836906694.0,8768.0,3.0,6558.0
Manufacturing,250+,4,CO,83,122840425.0,808.0,0.0,563.0
Manufacturing,250+,4,CT,61,124627737.0,1258.0,0.0,837.0
Manufacturing,250+,4,DE,18,27924107.0,177.0,0.0,121.0
Manufacturing,250+,4,FL,215,256646446.0,2168.0,0.0,1488.0
Manufacturing,250+,4,GA,317,384443797.0,3857.0,1.0,2667.0
Manufacturing,250+,4,IA,161,199971937.0,2586.0,0.0,1605.0
Manufacturing,250+,4,ID,43,53025774.0,723.0,0.0,461.0
Manufacturing,250+,4,IL,365,442739783.0,6147.0,0.0,4723.0
Manufacturing,250+,4,IN,345,479849522.0,5551.0,2.0,3463.0
Manufacturing,250+,4,KS,95,160230831.0,1970.0,1.0,1208.0
Manufacturing,250+,4,KY,193,239849603.0,3411.0,1.0,2130.0
Manufacturing,250+,4,LA,87,102982604.0,383.0,1.0,229.0
Manufacturing,250+,4,MA,146,206384385.0,1123.0,0.0,795.0
Manufacturing,250+,4,MD,69,87534636.0,837.0,0.0,582.0
Manufacturing,250+,4,ME,23,36564562.0,890.0,0.0,633.0
Manufacturing,250+,4,MI,396,545354013.0,6187.0,3.0,4167.0
Manufacturing,250+,4,MN,212,273755058.0,2693.0,1.0,1761.0
Manufacturing,250+,4,MO,167,231634974.0,3461.0,0.0,2368.0
Manufacturing,250+,4,MS,100,141706781.0,1956.0,1.0,1263.0
Manufacturing,250+,4,MT,10,6410622.0,53.0,0.0,30.0
Manufacturing,250+,4,NC,321,382691095.0,3010.0,2.0,2008.0
Manufacturing,250+,4,ND,24,26037457.0,393.0,0.0,232.0
Manufacturing,250+,4,NE,74,109041995.0,1617.0,1.0,1096.0
Manufacturing,250+,4,NH,53,58320697.0,450.0,0.0,297.0
Manufacturing,250+,4,NJ,130,198237841.0,1389.0,1.0,1023.0
Manufacturing,250+,4,NM,18,21138459.0,221.0,0.0,139.0
Manufacturing,250+,4,NV,30,35235575.0,345.0,0.0,270.0
Manufacturing,250+,4,NY,229,246276643.0,2645.0,1.0,1861.0
Manufacturing,250+,4,OH,459,555035146.0,6006.0,5.0,3944.0
Manufacturing,250+,4,OK,88,121688001.0,1561.0,0.0,1035.0
Manufacturing,250+,4,OR,103,122524415.0,1576.0,0.0,1022.0
Manufacturing,250+,4,PA,374,423589394.0,4849.0,3.0,3302.0
Manufacturing,250+,4,PR,46,65261515.0,183.0,0.0,125.0
Manufacturing,250+,4,RI,19,30274005.0,626.0,0.0,493.0
Manufacturing,250+,4,SC,203,266290597.0,2474.0,4.0,1678.0
Manufacturing,250+,4,SD,33,32970438.0,407.0,0.0,248.0
Manufacturing,250+,4,TN,253,311489113.0,3152.0,0.0,1996.0
Manufacturing,250+,4,TX,583,838568991.0,7150.0,5.0,5286.0
Manufacturing,250+,4,UT,84,103087298.0,852.0,0.0,552.0
Manufacturing,250+,4,VA,162,237643013.0,2957.0,0.0,2042.0
Manufacturing,250+,4,VT,16,15247872.0,199.0,0.0,94.0
Manufacturing,250+,4,WA,121,219786391.0,2904.0,0.0,2330.0
Manufacturing,250+,4,WI,333,325472362.0,4075.0,2.0,2540.0
Manufacturing,250+,4,WV,32,42289280.0,414.0,0.0,268.0
Manufacturing,250+,4,WY,2,1204945.0,5.0,0.0,3.0
"Mining, Quarrying, and Oil and Gas Extraction",Under 20,1,AK,2,42215.0,0.0,0.0,0.0
"Mining, Quarrying, and Oil and Gas Extraction",Under 20,1,AL,2,63654.0,1.0,0.0,1.0
"Mining, Quarrying, and Oil and Gas Extraction",Under 20,1,AR,1,33179.0,0.0,0.0,0.0
"Mining, Quarrying, and Oil and Gas Extraction",Under 20,1,CA,21,374085.0,6.0,0.0,3.0
"Mining, Quarrying, and Oil and Gas Extraction",Under 20,1,CO,12,172704.0,0.0,0.0,0.0
"Mining, Quarrying, and Oil and Gas Extraction",Under 20,1,DE,1,21385.0,0.0,0.0,0.0
"Mining, Quarrying, and Oil and Gas Extraction",Under 20,1,FL,1,4020.0,0.0,0.0,0.0
"Mining, Quarrying, and Oil and Gas Extraction",Under 20,1,GA,1,17418.0,0.0,0.0,0.0
"Mining, Quarrying, and Oil and Gas Extraction",Under 20,1,IN,3,39881.0,0.0,0.0,0.0
"Mining, Quarrying, and Oil and Gas Extraction",Under 20,1,KS,5,108839.0,4.0,0.0,1.0
"Mining, Quarrying, and Oil and Gas Extraction",Under 20,1,KY,1,35166.0,1.0,0.0,0.0
"Mining, Quarrying, and Oil and Gas Extraction",Under 20,1,LA,10,251929.0,2.0,0.0,1.0
"Mining, Quarrying, and Oil and Gas Extraction",Under 20,1,MA,1,40890.0,1.0,0.0,0.0
"Mining, Quarrying, and Oil and Gas Extraction",Under 20,1,MD,1,21473.0,2.0,0.0,0.0
"Mining, Quarrying, and Oil and Gas Extraction",Under 20,1,MI,1,41140.0,0.0,0.0,0.0
"Mining, Quarrying, and Oil and Gas Extraction",Under 20,1,MN,1,27642.0,1.0,0.0,1.0
"Mining, Quarrying, and Oil and Gas Extraction",Under 20,1,MT,2,36033.0,1.0,0.0,0.0
"Mining, Quarrying, and Oil and Gas Extraction",Under 20,1,ND,11,201871.0,1.0,0.0,1.0
"Mining, Quarrying, and Oil and Gas Extraction",Under 20,1,NE,1,8418.0,0.0,0.0,0.0
"Mining, Quarrying, and Oil and Gas Extraction",Under 20,1,NH,1,37230.0,2.0,0.0,2.0
"Mining, Quarrying, and Oil and Gas Extraction",Under 20,1,NJ,1,32000.0,0.0,0.0,0.0
"Mining, Quarrying, and Oil and Gas Extraction",Under 20,1,NM,6,128441.0,1.0,0.0,0.0
"Mining, Quarrying, and Oil and Gas Extraction",Under 20,1,NV,4,37326.0,1.0,0.0,0.0
"Mining, Quarrying, and Oil and Gas Extraction",Under 20,1,NY,2,22817.0,0.0,0.0,0.0
"Mining, Quarrying, and Oil and Gas Extraction",Under 20,1,OH,6,161847.0,3.0,0.0,3.0
"Mining, Quarrying, and Oil and Gas Extraction",Under 20,1,OK,5,143240.0,0.0,0.0,0.0
"Mining, Quarrying, and Oil and Gas Extraction",Under 20,1,OR,2,68754.0,1.0,0.0,1.0
"Mining, Quarrying, and Oil and Gas Extraction",Under 20,1,PA,5,119905.0,0.0,0.0,0.0
"Mining, Quarrying, and Oil and Gas Extraction",Under 20,1,SD,5,13067.0,0.0,0.0,0.0
"Mining, Quarrying, and Oil and Gas Extraction",Under 20,1,TN,2,17310.0,1.0,0.0,1.0
"Mining, Quarrying, and Oil and Gas Extraction",Under 20,1,TX,47,1185494.0,5.0,0.0,2.0
"Mining, Quarrying, and Oil and Gas Extraction",Under 20,1,UT,1,8469.0,0.0,0.0,0.0
"Mining, Quarrying, and Oil and Gas Extraction",Under 20,1,VA,4,73911.0,4.0,0.0,1.0
"Mining, Quarrying, and Oil and Gas Extraction",Under 20,1,WA,6,100521.0,4.0,0.0,2.0
"Mining, Quarrying, and Oil and Gas Extraction",Under 20,1,WV,2,58484.0,0.0,0.0,0.0
"Mining, Quarrying, and Oil and Gas Extraction",Under 20,1,WY,6,192074.0,2.0,0.0,2.0
"Mining, Quarrying, and Oil and Gas Extraction",20-99,2,AK,11,927319.0,6.0,0.0,3.0
"Mining, Quarrying, and Oil and Gas Extraction",20-99,2,AL,1,34942.0,1.0,0.0,1.0
"Mining, Quarrying, and Oil and Gas Extraction",20-99,2,AZ,6,431075.0,5.0,0.0,4.0
"Mining, Quarrying, and Oil and Gas Extraction",20-99,2,CA,23,2087768.0,21.0,0.0,17.0
"Mining, Quarrying, and Oil and Gas Extraction",20-99,2,CO,12,1097375.0,15.0,0.0,9.0
"Mining, Quarrying, and Oil and Gas Extraction",20-99,2,FL,3,321974.0,3.0,0.0,1.0
"Mining, Quarrying, and Oil and Gas Extraction",20-99,2,GA,2,172490.0,2.0,0.0,1.0
"Mining, Quarrying, and Oil and Gas Extraction",20-99,2,IA,1,46439.0,0.0,0.0,0.0
"Mining, Quarrying, and Oil and Gas Extraction",20-99,2,IN,1,82936.0,0.0,0.0,0.0
"Mining, Quarrying, and Oil and Gas Extraction",20-99,2,KS,2,344194.0,0.0,0.0,0.0
"Mining, Quarrying, and Oil and Gas Extraction",20-99,2,KY,2,126696.0,1.0,0.0,1.0
"Mining, Quarrying, and Oil and Gas Extraction",20-99,2,LA,15,1290588.0,5.0,0.0,5.0
"Mining, Quarrying, and Oil and Gas Extraction",20-99,2,MA,2,140585.0,3.0,0.0,3.0
"Mining, Quarrying, and Oil and Gas Extraction",20-99,2,MD,1,42864.0,0.0,0.0,0.0
"Mining, Quarrying, and Oil and Gas Extraction",20-99,2,ME,1,73655.0,3.0,0.0,0.0
"Mining, Quarrying, and Oil and Gas Extraction",20-99,2,MI,5,439655.0,7.0,0.0,4.0
"Mining, Quarrying, and Oil and Gas Extraction",20-99,2,MN,3,163390.0,4.0,0.0,1.0
"Mining, Quarrying, and Oil and Gas Extraction",20-99,2,MS,2,236641.0,0.0,0.0,0.0
"Mining, Quarrying, and Oil and Gas Extraction",20-99,2,MT,6,396228.0,16.0,0.0,11.0
"Mining, Quarrying, and Oil and Gas Extraction",20-99,2,NC,1,99551.0,0.0,0.0,0.0
"Mining, Quarrying, and Oil and Gas Extraction",20-99,2,ND,26,3278654.0,17.0,0.0,10.0
"Mining, Quarrying, and Oil and Gas Extraction",20-99,2,NH,1,90482.0,7.0,0.0,1.0
"Mining, Quarrying, and Oil and Gas Extraction",20-99,2,NJ,1,169619.0,6.0,0.0,6.0
"Mining, Quarrying, and Oil and Gas Extraction",20-99,2,NM,16,2061369.0,14.0,0.0,6.0
"Mining, Quarrying, and Oil and Gas Extraction",20-99,2,NV,7,446106.0,2.0,0.0,0.0
"Mining, Quarrying, and Oil and Gas Extraction",20-99,2,NY,1,62840.0,0.0,0.0,0.0
"Mining, Quarrying, and Oil and Gas Extraction",20-99,2,OH,10,1026710.0,10.0,0.0,5.0
"Mining, Quarrying, and Oil and Gas Extraction",20-99,2,OK,63,3889884.0,20.0,0.0,15.0
"Mining, Quarrying, and Oil and Gas Extraction",20-99,2,OR,2,135002.0,1.0,0.0,1.0
"Mining, Quarrying, and Oil and Gas Extraction",20-99,2,PA,17,2033220.0,16.0,1.0,11.0
"Mining, Quarrying, and Oil and Gas Extraction",20-99,2,SD,1,45760.0,0.0,0.0,0.0
"Mining, Quarrying, and Oil and Gas Extraction",20-99,2,TN,2,240185.0,2.0,0.0,2.0
"Mining, Quarrying, and Oil and Gas Extraction",20-99,2,TX,110,13218979.0,54.0,0.0,34.0
"Mining, Quarrying, and Oil and Gas Extraction",20-99,2,UT,7,744004.0,9.0,0.0,4.0
"Mining, Quarrying, and Oil and Gas Extraction",20-99,2,VA,2,178102.0,2.0,0.0,2.0
"Mining, Quarrying, and Oil and Gas Extraction",20-99,2,WA,2,194075.0,3.0,0.0,3.0
"Mining, Quarrying, and Oil and Gas Extraction",20-99,2,WI,1,69199.0,2.0,0.0,1.0
"Mining, Quarrying, and Oil and Gas Extraction",20-99,2,WV,11,1093265.0,8.0,0.0,4.0
"Mining, Quarrying, and Oil and Gas Extraction",20-99,2,WY,9,1105813.0,12.0,0.0,7.0
"Mining, Quarrying, and Oil and Gas Extraction",100-249,3,AK,3,1013720.0,4.0,0.0,4.0
"Mining, Quarrying, and Oil and Gas Extraction",100-249,3,AZ,1,92598.0,0.0,0.0,0.0
"Mining, Quarrying, and Oil and Gas Extraction",100-249,3,CA,8,2361316.0,18.0,0.0,11.0
"Mining, Quarrying, and Oil and Gas Extraction",100-249,3,CO,6,2432439.0,21.0,0.0,12.0
"Mining, Quarrying, and Oil and Gas Extraction",100-249,3,GA,2,539244.0,6.0,0.0,6.0
"Mining, Quarrying, and Oil and Gas Extraction",100-249,3,KS,1,236401.0,0.0,0.0,0.0
"Mining, Quarrying, and Oil and Gas Extraction",100-249,3,LA,7,2790507.0,1.0,0.0,1.0
"Mining, Quarrying, and Oil and Gas Extraction",100-249,3,ME,1,516359.0,0.0,0.0,0.0
"Mining, Quarrying, and Oil and Gas Extraction",100-249,3,MI,2,905744.0,2.0,0.0,1.0
"Mining, Quarrying, and Oil and Gas Extraction",100-249,3,ND,11,4970608.0,20.0,0.0,7.0
"Mining, Quarrying, and Oil and Gas Extraction",100-249,3,NM,12,4469414.0,34.0,0.0,21.0
"Mining, Quarrying, and Oil and Gas Extraction",100-249,3,OH,2,850468.0,7.0,0.0,4.0
"Mining, Quarrying, and Oil and Gas Extraction",100-249,3,OK,10,3531187.0,12.0,0.0,5.0
"Mining, Quarrying, and Oil and Gas Extraction",100-249,3,PA,8,2973757.0,7.0,0.0,2.0
"Mining, Quarrying, and Oil and Gas Extraction",100-249,3,SD,2,412580.0,8.0,0.0,4.0
"Mining, Quarrying, and Oil and Gas Extraction",100-249,3,TX,50,19837095.0,60.0,1.0,23.0
"Mining, Quarrying, and Oil and Gas Extraction",100-249,3,UT,2,879697.0,3.0,0.0,3.0
"Mining, Quarrying, and Oil and Gas Extraction",100-249,3,VA,1,253270.0,5.0,0.0,4.0
"Mining, Quarrying, and Oil and Gas Extraction",100-249,3,WA,1,252584.0,6.0,0.0,1.0
"Mining, Quarrying, and Oil and Gas Extraction",100-249,3,WI,1,211839.0,4.0,0.0,3.0
"Mining, Quarrying, and Oil and Gas Extraction",100-249,3,WV,2,816964.0,4.0,0.0,3.0
"Mining, Quarrying, and Oil and Gas Extraction",100-249,3,WY,1,369453.0,1.0,0.0,1.0
"Mining, Quarrying, and Oil and Gas Extraction",250+,4,AK,3,2712686.0,8.0,0.0,5.0
"Mining, Quarrying, and Oil and Gas Extraction",250+,4,CA,4,3620503.0,3.0,0.0,3.0
"Mining, Quarrying, and Oil and Gas Extraction",250+,4,CO,7,23078663.0,45.0,1.0,18.0
"Mining, Quarrying, and Oil and Gas Extraction",250+,4,LA,8,17756712.0,31.0,0.0,17.0
"Mining, Quarrying, and Oil and Gas Extraction",250+,4,ND,3,2521171.0,1.0,0.0,1.0
"Mining, Quarrying, and Oil and Gas Extraction",250+,4,NM,2,2308385.0,17.0,0.0,13.0
"Mining, Quarrying, and Oil and Gas Extraction",250+,4,OH,1,1423514.0,2.0,0.0,1.0
"Mining, Quarrying, and Oil and Gas Extraction",250+,4,OK,10,14270651.0,55.0,0.0,27.0
"Mining, Quarrying, and Oil and Gas Extraction",250+,4,PA,7,5995841.0,9.0,0.0,7.0
"Mining, Quarrying, and Oil and Gas Extraction",250+,4,TX,70,140169515.0,346.0,0.0,229.0
"Mining, Quarrying, and Oil and Gas Extraction",250+,4,UT,1,930642.0,6.0,0.0,2.0
"Mining, Quarrying, and Oil and Gas Extraction",250+,4,WI,1,703665.0,0.0,0.0,0.0
"Mining, Quarrying, and Oil and Gas Extraction",250+,4,WV,2,1737880.0,5.0,0.0,5.0
"Mining, Quarrying, and Oil and Gas Extraction",250+,4,WY,4,3312142.0,8.0,0.0,3.0
Other Services (except Public Administration),Under 20,1,AK,12,119142.0,5.0,0.0,5.0
Other Services (except Public Administration),Under 20,1,AL,76,1371329.0,24.0,0.0,9.0
Other Services (except Public Administration),Under 20,1,AR,27,500269.0,15.0,0.0,9.0
Other Services (except Public Administration),Under 20,1,AZ,47,786143.0,30.0,0.0,17.0
Other Services (except Public Administration),Under 20,1,CA,254,3779881.0,133.0,0.0,73.0
Other Services (except Public Administration),Under 20,1,CO,53,914952.0,46.0,0.0,23.0
Other Services (except Public Administration),Under 20,1,CT,66,942923.0,33.0,0.0,17.0
Other Services (except Public Administration),Under 20,1,DC,3,46679.0,3.0,0.0,1.0
Other Services (except Public Administration),Under 20,1,DE,13,238377.0,6.0,0.0,0.0
Other Services (except Public Administration),Under 20,1,FL,181,2950268.0,85.0,0.0,45.0
Other Services (except Public Administration),Under 20,1,GA,104,1335296.0,19.0,1.0,6.0
Other Services (except Public Administration),Under 20,1,HI,5,89220.0,0.0,0.0,0.0
Other Services (except Public Administration),Under 20,1,IA,33,665184.0,21.0,0.0,9.0
Other Services (except Public Administration),Under 20,1,ID,10,197565.0,3.0,0.0,2.0
Other Services (except Public Administration),Under 20,1,IL,67,1192318.0,20.0,0.0,13.0
Other Services (except Public Administration),Under 20,1,IN,66,1122243.0,20.0,0.0,8.0
Other Services (except Public Administration),Under 20,1,KS,41,778922.0,18.0,0.0,4.0
Other Services (except Public Administration),Under 20,1,KY,59,1055813.0,31.0,0.0,18.0
Other Services (except Public Administration),Under 20,1,LA,35,611855.0,11.0,0.0,3.0
Other Services (except Public Administration),Under 20,1,MA,32,593781.0,23.0,0.0,11.0
Other Services (except Public Administration),Under 20,1,MD,52,890640.0,24.0,0.0,12.0
Other Services (except Public Administration),Under 20,1,ME,4,64256.0,1.0,0.0,1.0
Other Services (except Public Administration),Under 20,1,MI,31,657220.0,15.0,0.0,10.0
Other Services (except Public Administration),Under 20,1,MN,56,1262772.0,39.0,0.0,17.0
Other Services (except Public Administration),Under 20,1,MO,74,1354906.0,30.0,0.0,14.0
Other Services (except Public Administration),Under 20,1,MS,29,564282.0,9.0,0.0,3.0
Other Services (except Public Administration),Under 20,1,MT,11,249557.0,9.0,0.0,5.0
Other Services (except Public Administration),Under 20,1,NC,171,2296419.0,65.0,0.0,33.0
Other Services (except Public Administration),Under 20,1,ND,8,169901.0,1.0,0.0,0.0
Other Services (except Public Administration),Under 20,1,NE,34,583138.0,17.0,0.0,8.0
Other Services (except Public Administration),Under 20,1,NH,7,91612.0,8.0,0.0,3.0
Other Services (except Public Administration),Under 20,1,NJ,40,681984.0,31.0,0.0,13.0
Other Services (except Public Administration),Under 20,1,NM,19,249128.0,4.0,0.0,3.0
Other Services (except Public Administration),Under 20,1,NV,47,429946.0,10.0,0.0,7.0
Other Services (except Public Administration),Under 20,1,NY,78,1209740.0,49.0,0.0,15.0
Other Services (except Public Administration),Under 20,1,OH,142,2304326.0,47.0,0.0,25.0
Other Services (except Public Administration),Under 20,1,OK,26,488819.0,16.0,0.0,10.0
Other Services (except Public Administration),Under 20,1,OR,61,876843.0,21.0,0.0,10.0
Other Services (except Public Administration),Under 20,1,PA,104,1666094.0,34.0,0.0,18.0
Other Services (except Public Administration),Under 20,1,PR,10,197980.0,5.0,0.0,5.0
Other Services (except Public Administration),Under 20,1,RI,9,233547.0,4.0,0.0,1.0
Other Services (except Public Administration),Under 20,1,SC,85,1234124.0,39.0,0.0,17.0
Other Services (except Public Administration),Under 20,1,SD,7,118322.0,4.0,0.0,0.0
Other Services (except Public Administration),Under 20,1,TN,63,996180.0,17.0,0.0,7.0
Other Services (except Public Administration),Under 20,1,TX,256,4239828.0,106.0,0.0,59.0
Other Services (except Public Administration),Under 20,1,UT,22,362855.0,11.0,0.0,5.0
Other Services (except Public Administration),Under 20,1,VA,119,1746458.0,70.0,0.0,26.0
Other Services (except Public Administration),Under 20,1,VI,1,20800.0,0.0,0.0,0.0
Other Services (except Public Administration),Under 20,1,VT,4,86994.0,4.0,0.0,2.0
Other Services (except Public Administration),Under 20,1,WA,68,958804.0,37.0,0.0,18.0
Other Services (except Public Administration),Under 20,1,WI,31,542774.0,13.0,0.0,6.0
Other Services (except Public Administration),Under 20,1,WV,17,207366.0,7.0,0.0,1.0
Other Services (except Public Administration),Under 20,1,WY,11,207072.0,4.0,0.0,1.0
Other Services (except Public Administration),20-99,2,AK,4,192124.0,6.0,0.0,5.0
Other Services (except Public Administration),20-99,2,AL,52,4313208.0,29.0,0.0,18.0
Other Services (except Public Administration),20-99,2,AR,45,2845483.0,43.0,2.0,23.0
Other Services (except Public Administration),20-99,2,AZ,45,3866216.0,79.0,0.0,46.0
Other Services (except Public Administration),20-99,2,CA,257,21711630.0,449.0,0.0,332.0
Other Services (except Public Administration),20-99,2,CO,44,3120169.0,51.0,1.0,40.0
Other Services (except Public Administration),20-99,2,CT,34,2847063.0,53.0,0.0,45.0
Other Services (except Public Administration),20-99,2,DC,4,320153.0,6.0,0.0,6.0
Other Services (except Public Administration),20-99,2,DE,7,615231.0,5.0,0.0,4.0
Other Services (except Public Administration),20-99,2,FL,112,9303127.0,155.0,0.0,99.0
Other Services (except Public Administration),20-99,2,GA,74,6287733.0,63.0,0.0,50.0
Other Services (except Public Administration),20-99,2,HI,4,240134.0,4.0,0.0,4.0
Other Services (except Public Administration),20-99,2,IA,42,2833347.0,43.0,0.0,27.0
Other Services (except Public Administration),20-99,2,ID,14,1019265.0,24.0,0.0,12.0
Other Services (except Public Administration),20-99,2,IL,133,10862208.0,182.0,0.0,120.0
Other Services (except Public Administration),20-99,2,IN,92,7553397.0,80.0,1.0,58.0
Other Services (except Public Administration),20-99,2,KS,37,3228686.0,43.0,0.0,27.0
Other Services (except Public Administration),20-99,2,KY,48,4645717.0,38.0,0.0,27.0
Other Services (except Public Administration),20-99,2,LA,64,5310883.0,32.0,0.0,21.0
Other Services (except Public Administration),20-99,2,MA,55,4016990.0,92.0,0.0,51.0
Other Services (except Public Administration),20-99,2,MD,38,3463497.0,54.0,0.0,43.0
Other Services (except Public Administration),20-99,2,ME,14,989255.0,25.0,0.0,15.0
Other Services (except Public Administration),20-99,2,MI,116,10742024.0,246.0,0.0,138.0
Other Services (except Public Administration),20-99,2,MN,136,9438159.0,242.0,0.0,124.0
Other Services (except Public Administration),20-99,2,MO,81,6813051.0,107.0,0.0,73.0
Other Services (except Public Administration),20-99,2,MS,27,1969303.0,21.0,0.0,14.0
Other Services (except Public Administration),20-99,2,MT,14,1120121.0,22.0,0.0,16.0
Other Services (except Public Administration),20-99,2,NC,98,8059751.0,94.0,0.0,61.0
Other Services (except Public Administration),20-99,2,ND,22,1509258.0,35.0,0.0,23.0
Other Services (except Public Administration),20-99,2,NE,30,2186283.0,50.0,0.0,25.0
Other Services (except Public Administration),20-99,2,NH,16,1147409.0,26.0,0.0,14.0
Other Services (except Public Administration),20-99,2,NJ,49,4560101.0,78.0,0.0,53.0
Other Services (except Public Administration),20-99,2,NM,12,1171362.0,12.0,0.0,10.0
Other Services (except Public Administration),20-99,2,NV,31,2585733.0,45.0,0.0,33.0
Other Services (except Public Administration),20-99,2,NY,108,9252784.0,170.0,0.0,126.0
Other Services (except Public Administration),20-99,2,OH,151,12935361.0,172.0,0.0,106.0
Other Services (except Public Administration),20-99,2,OK,27,2051950.0,48.0,0.0,41.0
Other Services (except Public Administration),20-99,2,OR,45,3079226.0,54.0,0.0,31.0
Other Services (except Public Administration),20-99,2,PA,108,9180448.0,168.0,0.0,105.0
Other Services (except Public Administration),20-99,2,PR,6,631686.0,4.0,0.0,4.0
Other Services (except Public Administration),20-99,2,RI,4,231734.0,4.0,0.0,2.0
Other Services (except Public Administration),20-99,2,SC,53,4209553.0,38.0,0.0,28.0
Other Services (except Public Administration),20-99,2,SD,17,1029570.0,18.0,0.0,10.0
Other Services (except Public Administration),20-99,2,TN,68,5790688.0,73.0,0.0,38.0
Other Services (except Public Administration),20-99,2,TX,272,23144584.0,315.0,2.0,230.0
Other Services (except Public Administration),20-99,2,UT,21,2087243.0,42.0,0.0,17.0
Other Services (except Public Administration),20-99,2,VA,64,5016297.0,92.0,0.0,61.0
Other Services (except Public Administration),20-99,2,VT,9,451449.0,19.0,0.0,8.0
Other Services (except Public Administration),20-99,2,WA,56,3999654.0,93.0,0.0,58.0
Other Services (except Public Administration),20-99,2,WI,76,6226214.0,113.0,0.0,71.0
Other Services (except Public Administration),20-99,2,WV,16,1252263.0,15.0,0.0,6.0
Other Services (except Public Administration),20-99,2,WY,7,541305.0,3.0,0.0,2.0
Other Services (except Public Administration),100-249,3,AL,11,3382393.0,15.0,0.0,9.0
Other Services (except Public Administration),100-249,3,AR,5,1095054.0,17.0,0.0,15.0
Other Services (except Public Administration),100-249,3,AZ,24,6259719.0,85.0,0.0,59.0
Other Services (except Public Administration),100-249,3,CA,78,21702994.0,452.0,1.0,329.0
Other Services (except Public Administration),100-249,3,CO,12,3365992.0,167.0,0.0,59.0
Other Services (except Public Administration),100-249,3,CT,10,2403448.0,38.0,0.0,34.0
Other Services (except Public Administration),100-249,3,FL,38,11481450.0,111.0,0.0,80.0
Other Services (except Public Administration),100-249,3,GA,23,7851750.0,87.0,0.0,65.0
Other Services (except Public Administration),100-249,3,HI,1,254794.0,3.0,0.0,3.0
Other Services (except Public Administration),100-249,3,IA,7,2372285.0,18.0,0.0,7.0
Other Services (except Public Administration),100-249,3,ID,2,509547.0,12.0,0.0,10.0
Other Services (except Public Administration),100-249,3,IL,36,11266256.0,177.0,0.0,123.0
Other Services (except Public Administration),100-249,3,IN,25,6313300.0,103.0,0.0,67.0
Other Services (except Public Administration),100-249,3,KS,8,2471555.0,35.0,0.0,28.0
Other Services (except Public Administration),100-249,3,KY,16,4898562.0,54.0,0.0,39.0
Other Services (except Public Administration),100-249,3,LA,7,1915192.0,19.0,0.0,13.0
Other Services (except Public Administration),100-249,3,MA,19,5723661.0,67.0,0.0,45.0
Other Services (except Public Administration),100-249,3,MD,8,2023775.0,38.0,0.0,27.0
Other Services (except Public Administration),100-249,3,ME,1,279104.0,2.0,0.0,1.0
Other Services (except Public Administration),100-249,3,MI,34,9647619.0,142.0,0.0,86.0
Other Services (except Public Administration),100-249,3,MN,44,8433591.0,131.0,1.0,57.0
Other Services (except Public Administration),100-249,3,MO,17,5501038.0,70.0,0.0,45.0
Other Services (except Public Administration),100-249,3,MS,6,2255854.0,9.0,0.0,6.0
Other Services (except Public Administration),100-249,3,NC,26,7053270.0,50.0,1.0,32.0
Other Services (except Public Administration),100-249,3,ND,2,809263.0,40.0,0.0,19.0
Other Services (except Public Administration),100-249,3,NE,4,1273514.0,18.0,0.0,12.0
Other Services (except Public Administration),100-249,3,NJ,20,5928670.0,93.0,0.0,75.0
Other Services (except Public Administration),100-249,3,NM,1,243552.0,0.0,0.0,0.0
Other Services (except Public Administration),100-249,3,NV,7,1955333.0,30.0,0.0,28.0
Other Services (except Public Administration),100-249,3,NY,35,9488842.0,229.0,1.0,156.0
Other Services (except Public Administration),100-249,3,OH,36,9519229.0,86.0,0.0,62.0
Other Services (except Public Administration),100-249,3,OK,5,1240510.0,15.0,0.0,11.0
Other Services (except Public Administration),100-249,3,OR,9,2403319.0,65.0,0.0,54.0
Other Services (except Public Administration),100-249,3,PA,24,7583647.0,103.0,0.0,66.0
Other Services (except Public Administration),100-249,3,PR,1,224895.0,1.0,0.0,1.0
Other Services (except Public Administration),100-249,3,RI,3,850533.0,19.0,0.0,16.0
Other Services (except Public Administration),100-249,3,SC,21,5731380.0,39.0,0.0,32.0
Other Services (except Public Administration),100-249,3,TN,15,4248017.0,53.0,0.0,35.0
Other Services (except Public Administration),100-249,3,TX,74,21693866.0,244.0,1.0,187.0
Other Services (except Public Administration),100-249,3,UT,8,1686311.0,12.0,0.0,10.0
Other Services (except Public Administration),100-249,3,VA,22,4452382.0,44.0,0.0,25.0
Other Services (except Public Administration),100-249,3,WA,14,3469336.0,76.0,0.0,73.0
Other Services (except Public Administration),100-249,3,WI,25,5877995.0,99.0,0.0,59.0
Other Services (except Public Administration),100-249,3,WV,2,496709.0,4.0,0.0,4.0
Other Services (except Public Administration),100-249,3,WY,1,354458.0,2.0,0.0,2.0
Other Services (except Public Administration),250+,4,AL,7,9882116.0,54.0,0.0,31.0
Other Services (except Public Administration),250+,4,AR,3,16901491.0,312.0,1.0,148.0
Other Services (except Public Administration),250+,4,AZ,3,1329971.0,34.0,0.0,8.0
Other Services (except Public Administration),250+,4,CA,148,189495694.0,421.0,0.0,235.0
Other Services (except Public Administration),250+,4,CO,5,4141483.0,178.0,0.0,74.0
Other Services (except Public Administration),250+,4,CT,13,26552453.0,125.0,0.0,59.0
Other Services (except Public Administration),250+,4,DC,1,517920.0,1.0,0.0,1.0
Other Services (except Public Administration),250+,4,FL,10,11757863.0,129.0,0.0,102.0
Other Services (except Public Administration),250+,4,GA,6,6214749.0,32.0,0.0,20.0
Other Services (except Public Administration),250+,4,IL,9,4824263.0,58.0,0.0,34.0
Other Services (except Public Administration),250+,4,IN,6,5206480.0,30.0,0.0,12.0
Other Services (except Public Administration),250+,4,KS,2,2039784.0,2.0,0.0,2.0
Other Services (except Public Administration),250+,4,KY,3,2849333.0,20.0,0.0,15.0
Other Services (except Public Administration),250+,4,LA,2,1257583.0,4.0,0.0,2.0
Other Services (except Public Administration),250+,4,MA,7,6109178.0,102.0,0.0,31.0
Other Services (except Public Administration),250+,4,MD,1,1034608.0,4.0,0.0,1.0
Other Services (except Public Administration),250+,4,MI,5,4101362.0,74.0,0.0,37.0
Other Services (except Public Administration),250+,4,MN,11,12306687.0,180.0,0.0,116.0
Other Services (except Public Administration),250+,4,MO,5,9895703.0,111.0,0.0,57.0
Other Services (except Public Administration),250+,4,MT,1,626607.0,8.0,0.0,8.0
Other Services (except Public Administration),250+,4,NC,7,9040858.0,78.0,1.0,44.0
Other Services (except Public Administration),250+,4,ND,1,210786.0,2.0,0.0,1.0
Other Services (except Public Administration),250+,4,NE,1,666388.0,5.0,0.0,4.0
Other Services (except Public Administration),250+,4,NH,1,585855.0,13.0,0.0,9.0
Other Services (except Public Administration),250+,4,NJ,4,2830965.0,49.0,0.0,40.0
Other Services (except Public Administration),250+,4,NV,1,697637.0,30.0,0.0,28.0
Other Services (except Public Administration),250+,4,NY,15,9881908.0,101.0,0.0,57.0
Other Services (except Public Administration),250+,4,OH,11,13496973.0,133.0,0.0,72.0
Other Services (except Public Administration),250+,4,OR,4,1938240.0,71.0,0.0,18.0
Other Services (except Public Administration),250+,4,PA,10,15792638.0,112.0,0.0,86.0
Other Services (except Public Administration),250+,4,RI,1,684521.0,6.0,0.0,6.0
Other Services (except Public Administration),250+,4,SC,4,5683522.0,45.0,0.0,31.0
Other Services (except Public Administration),250+,4,TN,3,2040058.0,12.0,1.0,12.0
Other Services (except Public Administration),250+,4,TX,15,18314362.0,87.0,0.0,49.0
Other Services (except Public Administration),250+,4,UT,1,1366263.0,2.0,0.0,1.0
Other Services (except Public Administration),250+,4,VA,8,2471672.0,48.0,0.0,41.0
Other Services (except Public Administration),250+,4,WA,1,759706.0,15.0,0.0,7.0
Other Services (except Public Administration),250+,4,WI,4,2030599.0,46.0,0.0,30.0
"Professional, Scientific, and Technical Services",Under 20,1,AK,11,160755.0,0.0,0.0,0.0
"Professional, Scientific, and Technical Services",Under 20,1,AL,43,689448.0,11.0,0.0,0.0
"Professional, Scientific, and Technical Services",Under 20,1,AR,12,218733.0,9.0,0.0,4.0
"Professional, Scientific, and Technical Services",Under 20,1,AZ,31,527379.0,13.0,0.0,0.0
"Professional, Scientific, and Technical Services",Under 20,1,CA,139,2253130.0,19.0,0.0,14.0
"Professional, Scientific, and Technical Services",Under 20,1,CO,53,951233.0,71.0,0.0,13.0
"Professional, Scientific, and Technical Services",Under 20,1,CT,19,295047.0,5.0,0.0,1.0
"Professional, Scientific, and Technical Services",Under 20,1,DC,9,87837.0,0.0,0.0,0.0
"Professional, Scientific, and Technical Services",Under 20,1,DE,4,50767.0,1.0,0.0,0.0
"Professional, Scientific, and Technical Services",Under 20,1,FL,77,1176205.0,11.0,0.0,1.0
"Professional, Scientific, and Technical Services",Under 20,1,GA,36,618805.0,5.0,0.0,1.0
"Professional, Scientific, and Technical Services",Under 20,1,GU,1,7098.0,0.0,0.0,0.0
"Professional, Scientific, and Technical Services",Under 20,1,HI,362,2370378.0,33.0,0.0,32.0
"Professional, Scientific, and Technical Services",Under 20,1,IA,27,422438.0,13.0,0.0,5.0
"Professional, Scientific, and Technical Services",Under 20,1,ID,15,238573.0,1.0,0.0,0.0
"Professional, Scientific, and Technical Services",Under 20,1,IL,48,854546.0,23.0,1.0,4.0
"Professional, Scientific, and Technical Services",Under 20,1,IN,35,643038.0,19.0,0.0,3.0
"Professional, Scientific, and Technical Services",Under 20,1,KS,25,377633.0,13.0,0.0,3.0
"Professional, Scientific, and Technical Services",Under 20,1,KY,28,434078.0,21.0,0.0,4.0
"Professional, Scientific, and Technical Services",Under 20,1,LA,26,373827.0,5.0,0.0,2.0
"Professional, Scientific, and Technical Services",Under 20,1,MA,40,619887.0,5.0,0.0,3.0
"Professional, Scientific, and Technical Services",Under 20,1,MD,25,333044.0,3.0,0.0,1.0
"Professional, Scientific, and Technical Services",Under 20,1,ME,10,141310.0,5.0,0.0,1.0
"Professional, Scientific, and Technical Services",Under 20,1,MI,62,1115734.0,16.0,0.0,7.0
"Professional, Scientific, and Technical Services",Under 20,1,MN,64,872270.0,35.0,0.0,5.0
"Professional, Scientific, and Technical Services",Under 20,1,MO,74,1401944.0,18.0,0.0,3.0
"Professional, Scientific, and Technical Services",Under 20,1,MS,11,117809.0,4.0,0.0,2.0
"Professional, Scientific, and Technical Services",Under 20,1,MT,4,53549.0,2.0,0.0,0.0
"Professional, Scientific, and Technical Services",Under 20,1,NC,58,989348.0,15.0,0.0,3.0
"Professional, Scientific, and Technical Services",Under 20,1,ND,6,89706.0,1.0,0.0,0.0
"Professional, Scientific, and Technical Services",Under 20,1,NE,12,146245.0,5.0,0.0,2.0
"Professional, Scientific, and Technical Services",Under 20,1,NH,2,18820.0,4.0,0.0,1.0
"Professional, Scientific, and Technical Services",Under 20,1,NJ,38,523871.0,10.0,0.0,3.0
"Professional, Scientific, and Technical Services",Under 20,1,NM,15,243481.0,4.0,0.0,3.0
"Professional, Scientific, and Technical Services",Under 20,1,NV,12,180175.0,0.0,0.0,0.0
"Professional, Scientific, and Technical Services",Under 20,1,NY,49,798845.0,16.0,0.0,4.0
"Professional, Scientific, and Technical Services",Under 20,1,OH,54,870722.0,20.0,0.0,2.0
"Professional, Scientific, and Technical Services",Under 20,1,OK,13,124117.0,11.0,0.0,5.0
"Professional, Scientific, and Technical Services",Under 20,1,OR,33,584689.0,27.0,0.0,9.0
"Professional, Scientific, and Technical Services",Under 20,1,PA,55,802614.0,19.0,0.0,3.0
"Professional, Scientific, and Technical Services",Under 20,1,PR,6,93185.0,0.0,0.0,0.0
"Professional, Scientific, and Technical Services",Under 20,1,RI,8,134426.0,1.0,0.0,1.0
"Professional, Scientific, and Technical Services",Under 20,1,SC,19,383301.0,6.0,0.0,2.0
"Professional, Scientific, and Technical Services",Under 20,1,SD,6,101570.0,0.0,0.0,0.0
"Professional, Scientific, and Technical Services",Under 20,1,TN,18,222115.0,3.0,0.0,1.0
"Professional, Scientific, and Technical Services",Under 20,1,TX,125,2262137.0,39.0,0.0,11.0
"Professional, Scientific, and Technical Services",Under 20,1,UT,11,127458.0,1.0,0.0,1.0
"Professional, Scientific, and Technical Services",Under 20,1,VA,58,887586.0,17.0,0.0,3.0
"Professional, Scientific, and Technical Services",Under 20,1,VT,1,7350.0,0.0,0.0,0.0
"Professional, Scientific, and Technical Services",Under 20,1,WA,39,693343.0,12.0,0.0,8.0
"Professional, Scientific, and Technical Services",Under 20,1,WI,31,556050.0,12.0,0.0,1.0
"Professional, Scientific, and Technical Services",Under 20,1,WV,5,98655.0,2.0,0.0,1.0
"Professional, Scientific, and Technical Services",Under 20,1,WY,6,41830.0,0.0,0.0,0.0
"Professional, Scientific, and Technical Services",20-99,2,AK,19,1386394.0,11.0,0.0,4.0
"Professional, Scientific, and Technical Services",20-99,2,AL,22,1734534.0,11.0,0.0,7.0
"Professional, Scientific, and Technical Services",20-99,2,AR,8,527342.0,13.0,0.0,2.0
"Professional, Scientific, and Technical Services",20-99,2,AZ,39,3647859.0,35.0,0.0,10.0
"Professional, Scientific, and Technical Services",20-99,2,CA,206,18485120.0,181.0,0.0,98.0
"Professional, Scientific, and Technical Services",20-99,2,CO,48,3294093.0,47.0,0.0,12.0
"Professional, Scientific, and Technical Services",20-99,2,CT,16,1393204.0,10.0,0.0,8.0
"Professional, Scientific, and Technical Services",20-99,2,DC,5,336582.0,1.0,0.0,1.0
"Professional, Scientific, and Technical Services",20-99,2,DE,8,714514.0,7.0,0.0,5.0
"Professional, Scientific, and Technical Services",20-99,2,FL,82,7217407.0,88.0,0.0,50.0
"Professional, Scientific, and Technical Services",20-99,2,GA,36,3142043.0,10.0,0.0,2.0
"Professional, Scientific, and Technical Services",20-99,2,HI,30,1706430.0,35.0,0.0,25.0
"Professional, Scientific, and Technical Services",20-99,2,IA,18,1341819.0,10.0,0.0,4.0
"Professional, Scientific, and Technical Services",20-99,2,ID,9,781445.0,4.0,0.0,2.0
"Professional, Scientific, and Technical Services",20-99,2,IL,57,4777841.0,42.0,0.0,29.0
"Professional, Scientific, and Technical Services",20-99,2,IN,33,2570041.0,85.0,0.0,7.0
"Professional, Scientific, and Technical Services",20-99,2,KS,18,1327589.0,25.0,0.0,9.0
"Professional, Scientific, and Technical Services",20-99,2,KY,17,1349666.0,9.0,0.0,3.0
"Professional, Scientific, and Technical Services",20-99,2,LA,17,1772365.0,20.0,0.0,6.0
"Professional, Scientific, and Technical Services",20-99,2,MA,46,4640244.0,27.0,0.0,14.0
"Professional, Scientific, and Technical Services",20-99,2,MD,35,3768736.0,10.0,0.0,8.0
"Professional, Scientific, and Technical Services",20-99,2,ME,2,65212.0,0.0,0.0,0.0
"Professional, Scientific, and Technical Services",20-99,2,MI,83,8539541.0,69.0,0.0,39.0
"Professional, Scientific, and Technical Services",20-99,2,MN,82,6334888.0,140.0,0.0,34.0
"Professional, Scientific, and Technical Services",20-99,2,MO,49,3292880.0,24.0,0.0,11.0
"Professional, Scientific, and Technical Services",20-99,2,MS,5,512593.0,4.0,0.0,3.0
"Professional, Scientific, and Technical Services",20-99,2,MT,3,242813.0,1.0,0.0,1.0
"Professional, Scientific, and Technical Services",20-99,2,NC,64,4794207.0,42.0,0.0,15.0
"Professional, Scientific, and Technical Services",20-99,2,ND,3,105869.0,5.0,0.0,1.0
"Professional, Scientific, and Technical Services",20-99,2,NE,6,414018.0,10.0,0.0,1.0
"Professional, Scientific, and Technical Services",20-99,2,NH,5,472302.0,2.0,0.0,1.0
"Professional, Scientific, and Technical Services",20-99,2,NJ,35,3130304.0,20.0,0.0,11.0
"Professional, Scientific, and Technical Services",20-99,2,NM,10,763977.0,6.0,0.0,3.0
"Professional, Scientific, and Technical Services",20-99,2,NV,14,1099930.0,51.0,0.0,19.0
"Professional, Scientific, and Technical Services",20-99,2,NY,55,4396864.0,70.0,0.0,14.0
"Professional, Scientific, and Technical Services",20-99,2,OH,53,4593881.0,63.0,0.0,11.0
"Professional, Scientific, and Technical Services",20-99,2,OK,16,1447174.0,10.0,0.0,4.0
"Professional, Scientific, and Technical Services",20-99,2,OR,32,2263510.0,73.0,0.0,15.0
"Professional, Scientific, and Technical Services",20-99,2,PA,58,5488150.0,44.0,0.0,16.0
"Professional, Scientific, and Technical Services",20-99,2,PR,3,210098.0,0.0,0.0,0.0
"Professional, Scientific, and Technical Services",20-99,2,RI,3,264943.0,5.0,0.0,0.0
"Professional, Scientific, and Technical Services",20-99,2,SC,20,1999634.0,36.0,0.0,10.0
"Professional, Scientific, and Technical Services",20-99,2,SD,11,578169.0,16.0,0.0,13.0
"Professional, Scientific, and Technical Services",20-99,2,TN,19,2016574.0,10.0,0.0,4.0
"Professional, Scientific, and Technical Services",20-99,2,TX,120,10089003.0,136.0,0.0,35.0
"Professional, Scientific, and Technical Services",20-99,2,UT,22,1528828.0,1.0,0.0,0.0
"Professional, Scientific, and Technical Services",20-99,2,VA,102,8458939.0,28.0,0.0,11.0
"Professional, Scientific, and Technical Services",20-99,2,VT,3,313857.0,5.0,0.0,3.0
"Professional, Scientific, and Technical Services",20-99,2,WA,54,3895858.0,93.0,0.0,20.0
"Professional, Scientific, and Technical Services",20-99,2,WI,38,2731338.0,41.0,0.0,10.0
"Professional, Scientific, and Technical Services",20-99,2,WV,11,775863.0,9.0,0.0,2.0
"Professional, Scientific, and Technical Services",20-99,2,WY,4,362498.0,5.0,0.0,4.0
"Professional, Scientific, and Technical Services",100-249,3,AK,2,488933.0,1.0,0.0,0.0
"Professional, Scientific, and Technical Services",100-249,3,AL,7,2222932.0,10.0,0.0,2.0
"Professional, Scientific, and Technical Services",100-249,3,AR,2,572271.0,1.0,0.0,1.0
"Professional, Scientific, and Technical Services",100-249,3,AZ,8,2239052.0,8.0,0.0,4.0
"Professional, Scientific, and Technical Services",100-249,3,CA,63,19169770.0,102.0,0.0,76.0
"Professional, Scientific, and Technical Services",100-249,3,CO,14,3844227.0,9.0,0.0,6.0
"Professional, Scientific, and Technical Services",100-249,3,CT,3,811258.0,14.0,0.0,14.0
"Professional, Scientific, and Technical Services",100-249,3,DC,1,216320.0,0.0,0.0,0.0
"Professional, Scientific, and Technical Services",100-249,3,DE,2,630915.0,0.0,0.0,0.0
"Professional, Scientific, and Technical Services",100-249,3,FL,30,7432123.0,90.0,0.0,15.0
"Professional, Scientific, and Technical Services",100-249,3,GA,10,2971196.0,8.0,0.0,3.0
"Professional, Scientific, and Technical Services",100-249,3,GU,1,290356.0,2.0,0.0,0.0
"Professional, Scientific, and Technical Services",100-249,3,HI,3,612523.0,1.0,0.0,0.0
"Professional, Scientific, and Technical Services",100-249,3,IA,2,450570.0,1.0,0.0,0.0
"Professional, Scientific, and Technical Services",100-249,3,IL,23,6903843.0,19.0,0.0,7.0
"Professional, Scientific, and Technical Services",100-249,3,IN,8,2528388.0,3.0,0.0,3.0
"Professional, Scientific, and Technical Services",100-249,3,KS,3,676116.0,4.0,0.0,1.0
"Professional, Scientific, and Technical Services",100-249,3,KY,8,2273153.0,9.0,0.0,5.0
"Professional, Scientific, and Technical Services",100-249,3,LA,1,443658.0,0.0,0.0,0.0
"Professional, Scientific, and Technical Services",100-249,3,MA,18,4908024.0,35.0,0.0,19.0
"Professional, Scientific, and Technical Services",100-249,3,MD,20,6177107.0,38.0,0.0,22.0
"Professional, Scientific, and Technical Services",100-249,3,ME,1,417055.0,3.0,0.0,3.0
"Professional, Scientific, and Technical Services",100-249,3,MI,36,10262096.0,50.0,0.0,30.0
"Professional, Scientific, and Technical Services",100-249,3,MN,22,7186803.0,33.0,0.0,17.0
"Professional, Scientific, and Technical Services",100-249,3,MO,10,3037424.0,10.0,0.0,1.0
"Professional, Scientific, and Technical Services",100-249,3,NC,10,2926067.0,20.0,0.0,8.0
"Professional, Scientific, and Technical Services",100-249,3,NE,3,757411.0,5.0,0.0,1.0
"Professional, Scientific, and Technical Services",100-249,3,NH,1,328620.0,0.0,0.0,0.0
"Professional, Scientific, and Technical Services",100-249,3,NJ,14,4734556.0,40.0,0.0,20.0
"Professional, Scientific, and Technical Services",100-249,3,NM,2,535306.0,11.0,0.0,5.0
"Professional, Scientific, and Technical Services",100-249,3,NV,3,880320.0,1.0,0.0,1.0
"Professional, Scientific, and Technical Services",100-249,3,NY,13,3603737.0,170.0,0.0,31.0
"Professional, Scientific, and Technical Services",100-249,3,OH,24,6513381.0,25.0,0.0,8.0
"Professional, Scientific, and Technical Services",100-249,3,OK,3,1033027.0,1.0,0.0,1.0
"Professional, Scientific, and Technical Services",100-249,3,OR,7,1628153.0,41.0,0.0,17.0
"Professional, Scientific, and Technical Services",100-249,3,PA,14,4070216.0,24.0,0.0,5.0
"Professional, Scientific, and Technical Services",100-249,3,PR,4,1103935.0,3.0,0.0,3.0
"Professional, Scientific, and Technical Services",100-249,3,SC,5,1216534.0,4.0,0.0,0.0
"Professional, Scientific, and Technical Services",100-249,3,TN,7,2362674.0,49.0,0.0,14.0
"Professional, Scientific, and Technical Services",100-249,3,TX,41,13334268.0,84.0,0.0,46.0
"Professional, Scientific, and Technical Services",100-249,3,UT,7,1965495.0,8.0,0.0,7.0
"Professional, Scientific, and Technical Services",100-249,3,VA,31,9185715.0,34.0,0.0,17.0
"Professional, Scientific, and Technical Services",100-249,3,WA,13,3244472.0,10.0,0.0,3.0
"Professional, Scientific, and Technical Services",100-249,3,WI,6,1610231.0,18.0,0.0,5.0
"Professional, Scientific, and Technical Services",100-249,3,WV,3,1021664.0,9.0,0.0,8.0
"Professional, Scientific, and Technical Services",250+,4,AL,9,14586657.0,19.0,0.0,7.0
"Professional, Scientific, and Technical Services",250+,4,AR,1,204307.0,0.0,0.0,0.0
"Professional, Scientific, and Technical Services",250+,4,AZ,1,3053636.0,3.0,0.0,1.0
"Professional, Scientific, and Technical Services",250+,4,CA,55,113116350.0,416.0,0.0,194.0
"Professional, Scientific, and Technical Services",250+,4,CO,10,7746437.0,10.0,0.0,4.0
"Professional, Scientific, and Technical Services",250+,4,CT,7,15583911.0,46.0,0.0,22.0
"Professional, Scientific, and Technical Services",250+,4,DC,5,4288605.0,7.0,0.0,4.0
"Professional, Scientific, and Technical Services",250+,4,DE,1,650743.0,1.0,0.0,0.0
"Professional, Scientific, and Technical Services",250+,4,FL,14,26108592.0,111.0,0.0,57.0
"Professional, Scientific, and Technical Services",250+,4,GA,9,19710906.0,17.0,0.0,8.0
"Professional, Scientific, and Technical Services",250+,4,HI,2,3344644.0,11.0,0.0,4.0
"Professional, Scientific, and Technical Services",250+,4,IA,3,3298911.0,3.0,0.0,0.0
"Professional, Scientific, and Technical Services",250+,4,ID,1,950293.0,1.0,0.0,0.0
"Professional, Scientific, and Technical Services",250+,4,IL,11,18820948.0,206.0,1.0,41.0
"Professional, Scientific, and Technical Services",250+,4,IN,10,25676157.0,121.0,0.0,35.0
"Professional, Scientific, and Technical Services",250+,4,KS,7,9142843.0,31.0,0.0,26.0
"Professional, Scientific, and Technical Services",250+,4,KY,3,6281683.0,46.0,0.0,45.0
"Professional, Scientific, and Technical Services",250+,4,LA,1,506485.0,1.0,0.0,0.0
"Professional, Scientific, and Technical Services",250+,4,MA,28,40472745.0,209.0,0.0,92.0
"Professional, Scientific, and Technical Services",250+,4,MD,17,15600076.0,77.0,0.0,51.0
"Professional, Scientific, and Technical Services",250+,4,MI,37,85207146.0,147.0,0.0,92.0
"Professional, Scientific, and Technical Services",250+,4,MN,15,28765108.0,147.0,0.0,69.0
"Professional, Scientific, and Technical Services",250+,4,MO,5,4389325.0,49.0,0.0,26.0
"Professional, Scientific, and Technical Services",250+,4,NC,14,11950725.0,11.0,0.0,6.0
"Professional, Scientific, and Technical Services",250+,4,NE,2,1758652.0,0.0,0.0,0.0
"Professional, Scientific, and Technical Services",250+,4,NH,1,502405.0,3.0,0.0,3.0
"Professional, Scientific, and Technical Services",250+,4,NJ,20,29567594.0,156.0,1.0,34.0
"Professional, Scientific, and Technical Services",250+,4,NV,2,5578834.0,21.0,0.0,7.0
"Professional, Scientific, and Technical Services",250+,4,NY,11,11951423.0,83.0,0.0,71.0
"Professional, Scientific, and Technical Services",250+,4,OH,13,19076602.0,147.0,0.0,80.0
"Professional, Scientific, and Technical Services",250+,4,OK,3,1954960.0,3.0,0.0,1.0
"Professional, Scientific, and Technical Services",250+,4,OR,4,2756534.0,73.0,0.0,17.0
"Professional, Scientific, and Technical Services",250+,4,PA,25,31522637.0,141.0,0.0,54.0
"Professional, Scientific, and Technical Services",250+,4,PR,2,3623455.0,0.0,0.0,0.0
"Professional, Scientific, and Technical Services",250+,4,RI,1,544960.0,100.0,0.0,6.0
"Professional, Scientific, and Technical Services",250+,4,SC,5,7326227.0,24.0,0.0,14.0
"Professional, Scientific, and Technical Services",250+,4,SD,1,1155913.0,6.0,0.0,3.0
"Professional, Scientific, and Technical Services",250+,4,TN,4,5156846.0,7.0,0.0,2.0
"Professional, Scientific, and Technical Services",250+,4,TX,37,54039043.0,70.0,0.0,38.0
"Professional, Scientific, and Technical Services",250+,4,UT,1,818366.0,1.0,0.0,1.0
"Professional, Scientific, and Technical Services",250+,4,VA,40,51392183.0,49.0,0.0,25.0
"Professional, Scientific, and Technical Services",250+,4,VT,1,449736.0,0.0,0.0,0.0
"Professional, Scientific, and Technical Services",250+,4,WA,16,23105310.0,261.0,0.0,68.0
"Professional, Scientific, and Technical Services",250+,4,WI,3,5127070.0,11.0,0.0,5.0
"Professional, Scientific, and Technical Services",250+,4,WV,2,1009170.0,22.0,0.0,18.0
Public Administration,Under 20,1,AK,514,5150438.0,86.0,0.0,54.0
Public Administration,Under 20,1,AL,3,13134.0,0.0,0.0,0.0
Public Administration,Under 20,1,AR,2,13134.0,1.0,0.0,0.0
Public Administration,Under 20,1,AZ,107,1804637.0,31.0,0.0,16.0
Public Administration,Under 20,1,CA,481,5750761.0,139.0,0.0,74.0
Public Administration,Under 20,1,CO,2,48924.0,0.0,0.0,0.0
Public Administration,Under 20,1,CT,158,2338137.0,72.0,0.0,40.0
Public Administration,Under 20,1,DC,1,1920.0,0.0,0.0,0.0
Public Administration,Under 20,1,FL,10,139005.0,2.0,0.0,0.0
Public Administration,Under 20,1,GA,5,142320.0,0.0,0.0,0.0
Public Administration,Under 20,1,HI,41,837535.0,10.0,0.0,8.0
Public Administration,Under 20,1,IA,33,618947.0,18.0,0.0,8.0
Public Administration,Under 20,1,ID,1,21159.0,1.0,0.0,1.0
Public Administration,Under 20,1,IL,151,2453384.0,62.0,0.0,31.0
Public Administration,Under 20,1,IN,70,809523.0,21.0,0.0,8.0
Public Administration,Under 20,1,KS,1,17430.0,1.0,0.0,0.0
Public Administration,Under 20,1,KY,179,3684916.0,27.0,0.0,13.0
Public Administration,Under 20,1,LA,4,27747.0,0.0,0.0,0.0
Public Administration,Under 20,1,MA,4,121769.0,3.0,0.0,3.0
Public Administration,Under 20,1,MD,11,202935.0,0.0,0.0,0.0
Public Administration,Under 20,1,ME,12,192452.0,11.0,0.0,3.0
Public Administration,Under 20,1,MI,114,1640900.0,50.0,0.0,23.0
Public Administration,Under 20,1,MN,204,3073425.0,54.0,0.0,23.0
Public Administration,Under 20,1,MO,34,486614.0,1.0,0.0,0.0
Public Administration,Under 20,1,MS,1,2490.0,1.0,0.0,1.0
Public Administration,Under 20,1,MT,2,68640.0,0.0,0.0,0.0
Public Administration,Under 20,1,NC,106,1745860.0,14.0,0.0,9.0
Public Administration,Under 20,1,NJ,14,244636.0,0.0,0.0,0.0
Public Administration,Under 20,1,NM,15,180703.0,9.0,0.0,7.0
Public Administration,Under 20,1,NV,6,87658.0,2.0,0.0,0.0
Public Administration,Under 20,1,NY,83,1259825.0,12.0,0.0,8.0
Public Administration,Under 20,1,OH,4,39034.0,0.0,0.0,0.0
Public Administration,Under 20,1,OK,16,227175.0,4.0,0.0,1.0
Public Administration,Under 20,1,OR,161,2085200.0,59.0,0.0,34.0
Public Administration,Under 20,1,PA,6,117283.0,0.0,0.0,0.0
Public Administration,Under 20,1,PR,120,1430691.0,30.0,0.0,23.0
Public Administration,Under 20,1,RI,1,7470.0,0.0,0.0,0.0
Public Administration,Under 20,1,SC,16,249260.0,5.0,0.0,5.0
Public Administration,Under 20,1,TN,18,380508.0,3.0,0.0,2.0
Public Administration,Under 20,1,TX,16,267947.0,8.0,0.0,3.0
Public Administration,Under 20,1,UT,15,251123.0,1.0,0.0,0.0
Public Administration,Under 20,1,VA,87,1336537.0,6.0,0.0,4.0
Public Administration,Under 20,1,VT,2,26088.0,0.0,0.0,0.0
Public Administration,Under 20,1,WA,63,897883.0,25.0,0.0,15.0
Public Administration,Under 20,1,WI,3,52452.0,0.0,0.0,0.0
Public Administration,Under 20,1,WV,1,25488.0,0.0,0.0,0.0
Public Administration,20-99,2,AK,141,10639278.0,183.0,0.0,106.0
Public Administration,20-99,2,AL,3,351486.0,18.0,0.0,3.0
Public Administration,20-99,2,AZ,111,10178727.0,189.0,0.0,116.0
Public Administration,20-99,2,CA,339,25632186.0,834.0,1.0,346.0
Public Administration,20-99,2,CO,1,49880.0,0.0,0.0,0.0
Public Administration,20-99,2,CT,201,14262264.0,497.0,1.0,222.0
Public Administration,20-99,2,DC,2,483053.0,58.0,0.0,48.0
Public Administration,20-99,2,FL,5,261625.0,2.0,0.0,1.0
Public Administration,20-99,2,GA,2,86932.0,1.0,0.0,1.0
Public Administration,20-99,2,HI,23,1934145.0,30.0,0.0,21.0
Public Administration,20-99,2,IA,74,6247569.0,157.0,0.0,86.0
Public Administration,20-99,2,IL,513,38698903.0,1467.0,1.0,864.0
Public Administration,20-99,2,IN,57,5293058.0,196.0,0.0,72.0
Public Administration,20-99,2,KY,143,11027525.0,172.0,0.0,72.0
Public Administration,20-99,2,MA,6,489729.0,12.0,0.0,9.0
Public Administration,20-99,2,MD,11,1175651.0,22.0,0.0,11.0
Public Administration,20-99,2,ME,10,528507.0,16.0,0.0,5.0
Public Administration,20-99,2,MI,197,15692153.0,502.0,0.0,237.0
Public Administration,20-99,2,MN,365,24855988.0,620.0,1.0,278.0
Public Administration,20-99,2,MO,3,148739.0,2.0,0.0,0.0
Public Administration,20-99,2,MT,5,540800.0,4.0,0.0,0.0
Public Administration,20-99,2,NC,117,9861347.0,163.0,0.0,90.0
Public Administration,20-99,2,NJ,23,1299479.0,51.0,0.0,36.0
Public Administration,20-99,2,NM,23,2498114.0,50.0,1.0,32.0
Public Administration,20-99,2,NV,13,1166499.0,51.0,0.0,30.0
Public Administration,20-99,2,NY,72,4866481.0,103.0,0.0,61.0
Public Administration,20-99,2,OH,2,172536.0,0.0,0.0,0.0
Public Administration,20-99,2,OK,6,446297.0,20.0,0.0,11.0
Public Administration,20-99,2,OR,95,7621887.0,192.0,0.0,105.0
Public Administration,20-99,2,PA,1,59262.0,1.0,0.0,0.0
Public Administration,20-99,2,PR,46,2641587.0,65.0,0.0,48.0
Public Administration,20-99,2,SC,23,2135932.0,57.0,0.0,35.0
Public Administration,20-99,2,SD,1,95746.0,2.0,0.0,2.0
Public Administration,20-99,2,TN,18,1730097.0,29.0,0.0,10.0
Public Administration,20-99,2,TX,4,381419.0,0.0,0.0,0.0
Public Administration,20-99,2,UT,33,2655843.0,91.0,0.0,34.0
Public Administration,20-99,2,VA,119,11461044.0,163.0,0.0,99.0
Public Administration,20-99,2,VI,1,143434.0,3.0,0.0,3.0
Public Administration,20-99,2,VT,4,341465.0,13.0,0.0,7.0
Public Administration,20-99,2,WA,81,6495504.0,151.0,0.0,81.0
Public Administration,20-99,2,WI,4,338482.0,13.0,0.0,0.0
Public Administration,20-99,2,WV,1,102769.0,6.0,0.0,5.0
Public Administration,20-99,2,WY,1,54529.0,4.0,0.0,0.0
Public Administration,100-249,3,AK,36,10057437.0,54.0,0.0,25.0
Public Administration,100-249,3,AZ,46,12685879.0,244.0,0.0,137.0
Public Administration,100-249,3,CA,150,44662161.0,1652.0,4.0,790.0
Public Administration,100-249,3,CT,59,14021564.0,558.0,0.0,305.0
Public Administration,100-249,3,DC,2,601260.0,2.0,0.0,1.0
Public Administration,100-249,3,GA,2,628000.0,0.0,0.0,0.0
Public Administration,100-249,3,HI,5,1468765.0,6.0,0.0,2.0
Public Administration,100-249,3,IA,26,7342805.0,220.0,0.0,121.0
Public Administration,100-249,3,ID,1,271440.0,0.0,0.0,0.0
Public Administration,100-249,3,IL,104,27316310.0,1099.0,0.0,804.0
Public Administration,100-249,3,IN,19,5781925.0,135.0,0.0,82.0
Public Administration,100-249,3,KY,22,5751186.0,132.0,0.0,77.0
Public Administration,100-249,3,MA,5,1284691.0,22.0,0.0,19.0
Public Administration,100-249,3,MD,8,2656426.0,42.0,0.0,36.0
Public Administration,100-249,3,ME,2,313486.0,7.0,0.0,1.0
Public Administration,100-249,3,MI,73,19356744.0,788.0,1.0,354.0
Public Administration,100-249,3,MN,111,27321943.0,620.0,0.0,313.0
Public Administration,100-249,3,MT,2,646880.0,5.0,0.0,5.0
Public Administration,100-249,3,NC,48,13691181.0,335.0,1.0,219.0
Public Administration,100-249,3,NE,1,206493.0,1.0,0.0,1.0
Public Administration,100-249,3,NJ,5,2021288.0,84.0,0.0,54.0
Public Administration,100-249,3,NM,7,2931878.0,80.0,0.0,41.0
Public Administration,100-249,3,NV,4,1306043.0,76.0,0.0,47.0
Public Administration,100-249,3,NY,16,3960614.0,51.0,0.0,20.0
Public Administration,100-249,3,OH,2,560640.0,8.0,0.0,3.0
Public Administration,100-249,3,OR,25,5732096.0,150.0,0.0,78.0
Public Administration,100-249,3,PR,16,3886515.0,85.0,0.0,77.0
Public Administration,100-249,3,SC,13,3745865.0,98.0,0.0,49.0
Public Administration,100-249,3,TN,11,3307768.0,68.0,0.0,42.0
Public Administration,100-249,3,TX,2,634400.0,18.0,2.0,12.0
Public Administration,100-249,3,UT,12,3646593.0,111.0,0.0,37.0
Public Administration,100-249,3,VA,47,15579546.0,303.0,1.0,183.0
Public Administration,100-249,3,VI,1,219195.0,3.0,0.0,0.0
Public Administration,100-249,3,VT,8,1356557.0,27.0,0.0,19.0
Public Administration,100-249,3,WA,39,10867822.0,203.0,0.0,113.0
Public Administration,100-249,3,WI,4,656777.0,14.0,0.0,4.0
Public Administration,100-249,3,WV,1,273400.0,0.0,0.0,0.0
Public Administration,250+,4,AK,13,9224971.0,132.0,0.0,58.0
Public Administration,250+,4,AL,1,897509.0,0.0,0.0,0.0
Public Administration,250+,4,AZ,63,96037523.0,3098.0,1.0,1642.0
Public Administration,250+,4,CA,280,372392838.0,15046.0,9.0,7859.0
Public Administration,250+,4,CT,31,27658183.0,1066.0,0.0,893.0
Public Administration,250+,4,FL,2,2263086.0,2.0,0.0,0.0
Public Administration,250+,4,GA,2,1445440.0,6.0,0.0,1.0
Public Administration,250+,4,HI,4,2253678.0,15.0,0.0,12.0
Public Administration,250+,4,IA,12,8020292.0,171.0,0.0,108.0
Public Administration,250+,4,IL,121,99480389.0,3304.0,0.0,2126.0
Public Administration,250+,4,IN,34,34047681.0,885.0,1.0,385.0
Public Administration,250+,4,KY,26,19102723.0,320.0,0.0,188.0
Public Administration,250+,4,LA,1,684999.0,8.0,0.0,7.0
Public Administration,250+,4,MA,3,2402888.0,37.0,0.0,24.0
Public Administration,250+,4,MD,14,20815583.0,965.0,0.0,591.0
Public Administration,250+,4,MI,73,80411100.0,1555.0,0.0,1004.0
Public Administration,250+,4,MN,77,81098741.0,1287.0,0.0,740.0
Public Administration,250+,4,MS,2,4246691.0,77.0,0.0,22.0
Public Administration,250+,4,MT,3,2928857.0,49.0,0.0,44.0
Public Administration,250+,4,NC,66,77427331.0,1784.0,1.0,1014.0
Public Administration,250+,4,NJ,2,474856.0,17.0,0.0,10.0
Public Administration,250+,4,NM,6,6277450.0,179.0,0.0,80.0
Public Administration,250+,4,NV,20,23749043.0,810.0,1.0,507.0
Public Administration,250+,4,NY,15,27225936.0,176.0,0.0,129.0
Public Administration,250+,4,OR,26,44873653.0,608.0,0.0,384.0
Public Administration,250+,4,PA,2,3416679.0,9.0,0.0,9.0
Public Administration,250+,4,PR,24,17754253.0,157.0,0.0,141.0
Public Administration,250+,4,SC,36,66868219.0,1575.0,3.0,1066.0
Public Administration,250+,4,TN,27,51719971.0,1677.0,0.0,1065.0
Public Administration,250+,4,TX,2,3853677.0,52.0,0.0,38.0
Public Administration,250+,4,UT,10,20019905.0,464.0,0.0,79.0
Public Administration,250+,4,VA,53,59063783.0,1552.0,2.0,950.0
Public Administration,250+,4,VT,1,17459149.0,321.0,0.0,149.0
Public Administration,250+,4,WA,77,93194026.0,1803.0,0.0,1096.0
Public Administration,250+,4,WI,11,11372914.0,262.0,0.0,164.0
Public Administration,250+,4,WY,4,6777058.0,134.0,1.0,90.0
Real Estate and Rental and Leasing,Under 20,1,AK,5,70821.0,0.0,0.0,0.0
Real Estate and Rental and Leasing,Under 20,1,AL,51,601153.0,13.0,0.0,10.0
Real Estate and Rental and Leasing,Under 20,1,AR,39,330715.0,7.0,0.0,2.0
Real Estate and Rental and Leasing,Under 20,1,AZ,261,2568618.0,83.0,1.0,48.0
Real Estate and Rental and Leasing,Under 20,1,CA,1229,9556806.0,330.0,0.0,186.0
Real Estate and Rental and Leasing,Under 20,1,CO,221,2220779.0,62.0,0.0,30.0
Real Estate and Rental and Leasing,Under 20,1,CT,33,367285.0,10.0,0.0,8.0
Real Estate and Rental and Leasing,Under 20,1,DC,55,615220.0,16.0,0.0,10.0
Real Estate and Rental and Leasing,Under 20,1,DE,9,156264.0,4.0,0.0,2.0
Real Estate and Rental and Leasing,Under 20,1,FL,523,5466455.0,174.0,0.0,123.0
Real Estate and Rental and Leasing,Under 20,1,GA,265,2829031.0,54.0,0.0,29.0
Real Estate and Rental and Leasing,Under 20,1,GU,1,14643.0,0.0,0.0,0.0
Real Estate and Rental and Leasing,Under 20,1,HI,7,48651.0,1.0,0.0,0.0
Real Estate and Rental and Leasing,Under 20,1,IA,9,103330.0,3.0,0.0,3.0
Real Estate and Rental and Leasing,Under 20,1,ID,58,455265.0,6.0,0.0,4.0
Real Estate and Rental and Leasing,Under 20,1,IL,182,2103859.0,51.0,0.0,26.0
Real Estate and Rental and Leasing,Under 20,1,IN,48,623592.0,9.0,0.0,5.0
Real Estate and Rental and Leasing,Under 20,1,KS,44,420061.0,10.0,0.0,5.0
Real Estate and Rental and Leasing,Under 20,1,KY,43,383279.0,6.0,0.0,5.0
Real Estate and Rental and Leasing,Under 20,1,LA,62,556779.0,9.0,0.0,5.0
Real Estate and Rental and Leasing,Under 20,1,MA,157,1683846.0,50.0,0.0,14.0
Real Estate and Rental and Leasing,Under 20,1,MD,201,1924993.0,62.0,0.0,42.0
Real Estate and Rental and Leasing,Under 20,1,ME,6,69814.0,0.0,0.0,0.0
Real Estate and Rental and Leasing,Under 20,1,MI,159,1403865.0,42.0,0.0,28.0
Real Estate and Rental and Leasing,Under 20,1,MN,103,639669.0,9.0,0.0,4.0
Real Estate and Rental and Leasing,Under 20,1,MO,118,1458712.0,17.0,0.0,7.0
Real Estate and Rental and Leasing,Under 20,1,MS,20,235632.0,4.0,1.0,4.0
Real Estate and Rental and Leasing,Under 20,1,MT,8,55874.0,1.0,0.0,1.0
Real Estate and Rental and Leasing,Under 20,1,NC,441,3913773.0,83.0,0.0,37.0
Real Estate and Rental and Leasing,Under 20,1,ND,39,261667.0,7.0,0.0,1.0
Real Estate and Rental and Leasing,Under 20,1,NE,14,147907.0,4.0,0.0,1.0
Real Estate and Rental and Leasing,Under 20,1,NH,6,83840.0,1.0,0.0,1.0
Real Estate and Rental and Leasing,Under 20,1,NJ,70,822741.0,16.0,0.0,8.0
Real Estate and Rental and Leasing,Under 20,1,NM,38,351658.0,11.0,0.0,3.0
Real Estate and Rental and Leasing,Under 20,1,NV,117,1037927.0,26.0,0.0,12.0
Real Estate and Rental and Leasing,Under 20,1,NY,331,3863371.0,106.0,0.0,55.0
Real Estate and Rental and Leasing,Under 20,1,OH,133,1569977.0,20.0,0.0,13.0
Real Estate and Rental and Leasing,Under 20,1,OK,42,417317.0,20.0,0.0,14.0
Real Estate and Rental and Leasing,Under 20,1,OR,98,1118883.0,23.0,0.0,15.0
Real Estate and Rental and Leasing,Under 20,1,PA,129,1305355.0,34.0,0.0,15.0
Real Estate and Rental and Leasing,Under 20,1,PR,1,12480.0,0.0,0.0,0.0
Real Estate and Rental and Leasing,Under 20,1,RI,6,87453.0,3.0,0.0,2.0
Real Estate and Rental and Leasing,Under 20,1,SC,147,1275667.0,23.0,0.0,7.0
Real Estate and Rental and Leasing,Under 20,1,SD,17,166894.0,6.0,0.0,0.0
Real Estate and Rental and Leasing,Under 20,1,TN,191,1926007.0,30.0,0.0,18.0
Real Estate and Rental and Leasing,Under 20,1,TX,1080,11902596.0,315.0,1.0,193.0
Real Estate and Rental and Leasing,Under 20,1,UT,125,965555.0,11.0,0.0,1.0
Real Estate and Rental and Leasing,Under 20,1,VA,302,3189247.0,77.0,0.0,40.0
Real Estate and Rental and Leasing,Under 20,1,VT,4,17801.0,1.0,0.0,1.0
Real Estate and Rental and Leasing,Under 20,1,WA,172,2125639.0,45.0,0.0,26.0
Real Estate and Rental and Leasing,Under 20,1,WI,87,919891.0,19.0,0.0,13.0
Real Estate and Rental and Leasing,Under 20,1,WV,16,114144.0,2.0,0.0,1.0
Real Estate and Rental and Leasing,Under 20,1,WY,8,45098.0,1.0,0.0,0.0
Real Estate and Rental and Leasing,20-99,2,AK,4,382761.0,8.0,0.0,5.0
Real Estate and Rental and Leasing,20-99,2,AL,33,2185832.0,29.0,0.0,19.0
Real Estate and Rental and Leasing,20-99,2,AR,16,1034441.0,13.0,0.0,9.0
Real Estate and Rental and Leasing,20-99,2,AZ,114,4416703.0,80.0,2.0,43.0
Real Estate and Rental and Leasing,20-99,2,CA,414,22417939.0,572.0,0.0,363.0
Real Estate and Rental and Leasing,20-99,2,CO,111,3627910.0,86.0,0.0,44.0
Real Estate and Rental and Leasing,20-99,2,CT,29,1842923.0,68.0,0.0,54.0
Real Estate and Rental and Leasing,20-99,2,DC,28,659976.0,10.0,0.0,7.0
Real Estate and Rental and Leasing,20-99,2,DE,3,156126.0,6.0,0.0,3.0
Real Estate and Rental and Leasing,20-99,2,FL,287,14883545.0,276.0,1.0,199.0
Real Estate and Rental and Leasing,20-99,2,GA,121,5281746.0,98.0,1.0,67.0
Real Estate and Rental and Leasing,20-99,2,GU,2,183251.0,0.0,0.0,0.0
Real Estate and Rental and Leasing,20-99,2,HI,21,1513776.0,21.0,0.0,11.0
Real Estate and Rental and Leasing,20-99,2,IA,27,1617525.0,26.0,0.0,13.0
Real Estate and Rental and Leasing,20-99,2,ID,18,843721.0,25.0,0.0,17.0
Real Estate and Rental and Leasing,20-99,2,IL,93,6348195.0,105.0,0.0,68.0
Real Estate and Rental and Leasing,20-99,2,IN,75,5014028.0,107.0,0.0,65.0
Real Estate and Rental and Leasing,20-99,2,KS,25,1497530.0,21.0,0.0,10.0
Real Estate and Rental and Leasing,20-99,2,KY,44,2608669.0,72.0,0.0,38.0
Real Estate and Rental and Leasing,20-99,2,LA,37,1875405.0,19.0,1.0,15.0
Real Estate and Rental and Leasing,20-99,2,MA,46,2452379.0,51.0,0.0,31.0
Real Estate and Rental and Leasing,20-99,2,MD,52,3033108.0,61.0,0.0,37.0
Real Estate and Rental and Leasing,20-99,2,ME,8,412280.0,0.0,0.0,0.0
Real Estate and Rental and Leasing,20-99,2,MI,135,8301475.0,255.0,0.0,155.0
Real Estate and Rental and Leasing,20-99,2,MN,46,2871073.0,57.0,0.0,30.0
Real Estate and Rental and Leasing,20-99,2,MO,46,3375987.0,70.0,0.0,45.0
Real Estate and Rental and Leasing,20-99,2,MS,21,1418375.0,14.0,0.0,9.0
Real Estate and Rental and Leasing,20-99,2,MT,2,111351.0,0.0,0.0,0.0
Real Estate and Rental and Leasing,20-99,2,NC,123,5251138.0,58.0,0.0,30.0
Real Estate and Rental and Leasing,20-99,2,ND,2,86038.0,4.0,0.0,1.0
Real Estate and Rental and Leasing,20-99,2,NE,17,952406.0,31.0,0.0,9.0
Real Estate and Rental and Leasing,20-99,2,NH,3,208822.0,11.0,0.0,7.0
Real Estate and Rental and Leasing,20-99,2,NJ,77,4979072.0,94.0,0.0,77.0
Real Estate and Rental and Leasing,20-99,2,NM,23,762741.0,16.0,0.0,9.0
Real Estate and Rental and Leasing,20-99,2,NV,59,3029523.0,61.0,0.0,38.0
Real Estate and Rental and Leasing,20-99,2,NY,324,23704947.0,444.0,0.0,305.0
Real Estate and Rental and Leasing,20-99,2,OH,88,6293661.0,155.0,0.0,45.0
Real Estate and Rental and Leasing,20-99,2,OK,28,1493575.0,23.0,0.0,17.0
Real Estate and Rental and Leasing,20-99,2,OR,52,2075189.0,57.0,0.0,33.0
Real Estate and Rental and Leasing,20-99,2,PA,99,5870675.0,139.0,0.0,87.0
Real Estate and Rental and Leasing,20-99,2,PR,4,335491.0,6.0,0.0,6.0
Real Estate and Rental and Leasing,20-99,2,RI,9,581142.0,6.0,0.0,3.0
Real Estate and Rental and Leasing,20-99,2,SC,58,2844821.0,44.0,0.0,23.0
Real Estate and Rental and Leasing,20-99,2,SD,4,239046.0,1.0,0.0,0.0
Real Estate and Rental and Leasing,20-99,2,TN,76,4517839.0,91.0,0.0,61.0
Real Estate and Rental and Leasing,20-99,2,TX,448,17205584.0,284.0,0.0,147.0
Real Estate and Rental and Leasing,20-99,2,UT,33,1635625.0,27.0,0.0,11.0
Real Estate and Rental and Leasing,20-99,2,VA,76,3580182.0,53.0,0.0,32.0
Real Estate and Rental and Leasing,20-99,2,VT,2,61014.0,2.0,0.0,2.0
Real Estate and Rental and Leasing,20-99,2,WA,109,4067697.0,71.0,0.0,44.0
Real Estate and Rental and Leasing,20-99,2,WI,32,2238778.0,24.0,0.0,18.0
Real Estate and Rental and Leasing,20-99,2,WV,9,390739.0,4.0,0.0,1.0
Real Estate and Rental and Leasing,20-99,2,WY,3,205573.0,0.0,0.0,0.0
Real Estate and Rental and Leasing,100-249,3,AL,1,172373.0,3.0,0.0,0.0
Real Estate and Rental and Leasing,100-249,3,AZ,13,3952302.0,68.0,0.0,24.0
Real Estate and Rental and Leasing,100-249,3,CA,52,12589309.0,263.0,1.0,181.0
Real Estate and Rental and Leasing,100-249,3,CO,12,2922199.0,56.0,0.0,43.0
Real Estate and Rental and Leasing,100-249,3,DC,1,226607.0,2.0,0.0,0.0
Real Estate and Rental and Leasing,100-249,3,DE,2,682607.0,12.0,0.0,10.0
Real Estate and Rental and Leasing,100-249,3,FL,23,6764114.0,70.0,0.0,48.0
Real Estate and Rental and Leasing,100-249,3,GA,12,3151761.0,45.0,0.0,23.0
Real Estate and Rental and Leasing,100-249,3,HI,3,707095.0,6.0,0.0,3.0
Real Estate and Rental and Leasing,100-249,3,IA,1,97419.0,7.0,0.0,1.0
Real Estate and Rental and Leasing,100-249,3,ID,1,508202.0,0.0,0.0,0.0
Real Estate and Rental and Leasing,100-249,3,IL,10,2780388.0,59.0,0.0,47.0
Real Estate and Rental and Leasing,100-249,3,IN,7,1397515.0,18.0,0.0,9.0
Real Estate and Rental and Leasing,100-249,3,KS,1,218021.0,8.0,0.0,7.0
Real Estate and Rental and Leasing,100-249,3,KY,4,857181.0,7.0,0.0,3.0
Real Estate and Rental and Leasing,100-249,3,LA,2,1084235.0,4.0,0.0,2.0
Real Estate and Rental and Leasing,100-249,3,MA,7,1785434.0,26.0,0.0,21.0
Real Estate and Rental and Leasing,100-249,3,MD,9,2160643.0,18.0,0.0,10.0
Real Estate and Rental and Leasing,100-249,3,ME,1,188420.0,13.0,0.0,12.0
Real Estate and Rental and Leasing,100-249,3,MI,20,4941038.0,79.0,0.0,49.0
Real Estate and Rental and Leasing,100-249,3,MN,11,2839740.0,36.0,0.0,22.0
Real Estate and Rental and Leasing,100-249,3,MO,10,2781683.0,27.0,0.0,19.0
Real Estate and Rental and Leasing,100-249,3,NC,14,3426261.0,39.0,0.0,26.0
Real Estate and Rental and Leasing,100-249,3,ND,2,789816.0,18.0,0.0,8.0
Real Estate and Rental and Leasing,100-249,3,NE,1,325756.0,3.0,0.0,1.0
Real Estate and Rental and Leasing,100-249,3,NH,2,290636.0,10.0,0.0,6.0
Real Estate and Rental and Leasing,100-249,3,NJ,13,3317046.0,30.0,0.0,19.0
Real Estate and Rental and Leasing,100-249,3,NM,1,109392.0,0.0,0.0,0.0
Real Estate and Rental and Leasing,100-249,3,NV,11,3154121.0,61.0,0.0,47.0
Real Estate and Rental and Leasing,100-249,3,NY,22,6296504.0,76.0,0.0,58.0
Real Estate and Rental and Leasing,100-249,3,OH,22,4591735.0,66.0,0.0,17.0
Real Estate and Rental and Leasing,100-249,3,OR,5,978806.0,13.0,0.0,11.0
Real Estate and Rental and Leasing,100-249,3,PA,12,3348571.0,48.0,0.0,38.0
Real Estate and Rental and Leasing,100-249,3,PR,2,381410.0,8.0,0.0,8.0
Real Estate and Rental and Leasing,100-249,3,RI,1,203443.0,9.0,0.0,7.0
Real Estate and Rental and Leasing,100-249,3,SD,2,418187.0,5.0,0.0,3.0
Real Estate and Rental and Leasing,100-249,3,TN,12,2841569.0,21.0,0.0,13.0
Real Estate and Rental and Leasing,100-249,3,TX,29,7808788.0,80.0,0.0,52.0
Real Estate and Rental and Leasing,100-249,3,UT,4,921828.0,16.0,0.0,12.0
Real Estate and Rental and Leasing,100-249,3,VA,12,2926247.0,33.0,0.0,22.0
Real Estate and Rental and Leasing,100-249,3,WA,11,2847932.0,45.0,0.0,39.0
Real Estate and Rental and Leasing,100-249,3,WI,3,886550.0,21.0,0.0,13.0
Real Estate and Rental and Leasing,250+,4,AL,2,2511121.0,59.0,0.0,38.0
Real Estate and Rental and Leasing,250+,4,AZ,6,5870918.0,107.0,0.0,57.0
Real Estate and Rental and Leasing,250+,4,CA,25,20015620.0,415.0,1.0,257.0
Real Estate and Rental and Leasing,250+,4,CO,3,1835655.0,18.0,0.0,15.0
Real Estate and Rental and Leasing,250+,4,DC,3,2439349.0,17.0,0.0,13.0
Real Estate and Rental and Leasing,250+,4,DE,1,810329.0,9.0,0.0,5.0
Real Estate and Rental and Leasing,250+,4,FL,23,23740297.0,298.0,0.0,204.0
Real Estate and Rental and Leasing,250+,4,GA,3,1634369.0,3.0,0.0,1.0
Real Estate and Rental and Leasing,250+,4,HI,2,706110.0,4.0,0.0,3.0
Real Estate and Rental and Leasing,250+,4,IA,3,6376939.0,10.0,0.0,9.0
Real Estate and Rental and Leasing,250+,4,IL,8,22171683.0,62.0,0.0,43.0
Real Estate and Rental and Leasing,250+,4,KS,1,719293.0,17.0,0.0,2.0
Real Estate and Rental and Leasing,250+,4,KY,2,1172475.0,17.0,1.0,9.0
Real Estate and Rental and Leasing,250+,4,LA,3,2216565.0,10.0,0.0,4.0
Real Estate and Rental and Leasing,250+,4,MA,6,3264497.0,42.0,0.0,30.0
Real Estate and Rental and Leasing,250+,4,MD,3,9482660.0,111.0,0.0,76.0
Real Estate and Rental and Leasing,250+,4,MI,5,5133121.0,114.0,0.0,67.0
Real Estate and Rental and Leasing,250+,4,MN,4,3269507.0,28.0,0.0,21.0
Real Estate and Rental and Leasing,250+,4,MO,4,26607761.0,131.0,0.0,75.0
Real Estate and Rental and Leasing,250+,4,NC,4,3026268.0,38.0,0.0,16.0
Real Estate and Rental and Leasing,250+,4,NH,1,685375.0,8.0,0.0,2.0
Real Estate and Rental and Leasing,250+,4,NJ,7,6371831.0,106.0,0.0,78.0
Real Estate and Rental and Leasing,250+,4,NM,2,842856.0,16.0,0.0,12.0
Real Estate and Rental and Leasing,250+,4,NV,3,1717725.0,80.0,0.0,35.0
Real Estate and Rental and Leasing,250+,4,NY,21,31900351.0,312.0,0.0,227.0
Real Estate and Rental and Leasing,250+,4,OH,8,6459606.0,114.0,0.0,52.0
Real Estate and Rental and Leasing,250+,4,OR,2,1260776.0,48.0,1.0,27.0
Real Estate and Rental and Leasing,250+,4,PA,5,11426895.0,108.0,0.0,74.0
Real Estate and Rental and Leasing,250+,4,SC,3,1849602.0,17.0,0.0,6.0
Real Estate and Rental and Leasing,250+,4,TN,5,5078511.0,132.0,0.0,43.0
Real Estate and Rental and Leasing,250+,4,TX,23,25732536.0,184.0,0.0,110.0
Real Estate and Rental and Leasing,250+,4,UT,1,917246.0,2.0,0.0,1.0
Real Estate and Rental and Leasing,250+,4,VA,4,3610619.0,95.0,0.0,43.0
Real Estate and Rental and Leasing,250+,4,WA,2,811832.0,12.0,0.0,10.0
Real Estate and Rental and Leasing,250+,4,WI,4,4532830.0,27.0,0.0,15.0
Retail Trade,Under 20,1,AK,31,583969.0,13.0,0.0,7.0
Retail Trade,Under 20,1,AL,203,3493557.0,73.0,1.0,52.0
Retail Trade,Under 20,1,AR,130,2098119.0,32.0,0.0,19.0
Retail Trade,Under 20,1,AZ,344,4864832.0,106.0,0.0,60.0
Retail Trade,Under 20,1,CA,1340,18599276.0,462.0,0.0,351.0
Retail Trade,Under 20,1,CO,308,4772723.0,73.0,0.0,51.0
Retail Trade,Under 20,1,CT,130,2073878.0,42.0,0.0,30.0
Retail Trade,Under 20,1,DC,8,135571.0,2.0,0.0,2.0
Retail Trade,Under 20,1,DE,34,597562.0,14.0,0.0,9.0
Retail Trade,Under 20,1,FL,870,14762415.0,262.0,0.0,170.0
Retail Trade,Under 20,1,GA,400,6788503.0,151.0,1.0,125.0
Retail Trade,Under 20,1,GU,4,52639.0,2.0,0.0,2.0
Retail Trade,Under 20,1,HI,62,1185871.0,29.0,0.0,22.0
Retail Trade,Under 20,1,IA,165,2620834.0,49.0,0.0,34.0
Retail Trade,Under 20,1,ID,216,3597630.0,53.0,0.0,42.0
Retail Trade,Under 20,1,IL,374,6765061.0,139.0,0.0,92.0
Retail Trade,Under 20,1,IN,339,5786404.0,151.0,0.0,111.0
Retail Trade,Under 20,1,KS,116,1819961.0,36.0,0.0,19.0
Retail Trade,Under 20,1,KY,237,4283888.0,120.0,0.0,67.0
Retail Trade,Under 20,1,LA,172,2713730.0,40.0,0.0,23.0
Retail Trade,Under 20,1,MA,188,3176761.0,84.0,0.0,54.0
Retail Trade,Under 20,1,MD,154,2994717.0,64.0,0.0,51.0
Retail Trade,Under 20,1,ME,99,1656183.0,46.0,0.0,33.0
Retail Trade,Under 20,1,MI,590,10121343.0,192.0,0.0,132.0
Retail Trade,Under 20,1,MN,432,8339851.0,163.0,0.0,93.0
Retail Trade,Under 20,1,MO,315,5403345.0,114.0,0.0,83.0
Retail Trade,Under 20,1,MP,1,18878.0,0.0,0.0,0.0
Retail Trade,Under 20,1,MS,145,2733816.0,68.0,0.0,36.0
Retail Trade,Under 20,1,MT,63,993067.0,34.0,0.0,16.0
Retail Trade,Under 20,1,NC,700,12099788.0,258.0,0.0,207.0
Retail Trade,Under 20,1,ND,44,707854.0,13.0,0.0,5.0
Retail Trade,Under 20,1,NE,67,1072279.0,19.0,0.0,8.0
Retail Trade,Under 20,1,NH,71,1215348.0,45.0,0.0,35.0
Retail Trade,Under 20,1,NJ,191,3037308.0,83.0,0.0,58.0
Retail Trade,Under 20,1,NM,91,1847887.0,47.0,0.0,34.0
Retail Trade,Under 20,1,NV,196,3117710.0,72.0,0.0,62.0
Retail Trade,Under 20,1,NY,488,8420101.0,198.0,0.0,131.0
Retail Trade,Under 20,1,OH,562,9837124.0,217.0,0.0,120.0
Retail Trade,Under 20,1,OK,153,2632908.0,90.0,0.0,57.0
Retail Trade,Under 20,1,OR,243,4365764.0,89.0,0.0,69.0
Retail Trade,Under 20,1,PA,497,8871272.0,206.0,0.0,144.0
Retail Trade,Under 20,1,PR,63,1163886.0,85.0,0.0,29.0
Retail Trade,Under 20,1,RI,29,539393.0,14.0,0.0,10.0
Retail Trade,Under 20,1,SC,196,3568652.0,102.0,0.0,70.0
Retail Trade,Under 20,1,SD,79,1528346.0,29.0,0.0,21.0
Retail Trade,Under 20,1,TN,309,5771014.0,128.0,0.0,80.0
Retail Trade,Under 20,1,TX,1236,21303424.0,448.0,0.0,287.0
Retail Trade,Under 20,1,UT,141,2005775.0,46.0,0.0,24.0
Retail Trade,Under 20,1,VA,308,5494424.0,123.0,0.0,84.0
Retail Trade,Under 20,1,VI,2,44331.0,1.0,0.0,0.0
Retail Trade,Under 20,1,VT,32,599207.0,23.0,0.0,15.0
Retail Trade,Under 20,1,WA,319,5530053.0,151.0,0.0,103.0
Retail Trade,Under 20,1,WI,210,3924358.0,94.0,0.0,56.0
Retail Trade,Under 20,1,WV,154,2807889.0,48.0,0.0,32.0
Retail Trade,Under 20,1,WY,21,284845.0,4.0,0.0,4.0
Retail Trade,20-99,2,AK,43,3702265.0,65.0,0.0,42.0
Retail Trade,20-99,2,AL,309,19386973.0,373.0,0.0,208.0
Retail Trade,20-99,2,AR,281,17709440.0,280.0,0.0,132.0
Retail Trade,20-99,2,AS,1,101503.0,0.0,0.0,0.0
Retail Trade,20-99,2,AZ,629,40121489.0,1012.0,1.0,732.0
Retail Trade,20-99,2,CA,2547,212810498.0,5403.0,0.0,4100.0
Retail Trade,20-99,2,CO,524,37797722.0,991.0,0.0,700.0
Retail Trade,20-99,2,CT,251,16948122.0,463.0,0.0,307.0
Retail Trade,20-99,2,DC,25,1736899.0,42.0,0.0,24.0
Retail Trade,20-99,2,DE,132,8401249.0,189.0,0.0,110.0
Retail Trade,20-99,2,FL,1549,93747355.0,1856.0,1.0,1141.0
Retail Trade,20-99,2,GA,595,40581710.0,843.0,2.0,490.0
Retail Trade,20-99,2,GU,4,398449.0,4.0,0.0,4.0
Retail Trade,20-99,2,HI,82,6363593.0,116.0,0.0,83.0
Retail Trade,20-99,2,IA,343,20850103.0,368.0,0.0,200.0
Retail Trade,20-99,2,ID,150,11120800.0,314.0,0.0,185.0
Retail Trade,20-99,2,IL,805,57623650.0,1134.0,0.0,724.0
Retail Trade,20-99,2,IN,450,29806193.0,614.0,0.0,372.0
Retail Trade,20-99,2,KS,168,11498255.0,210.0,0.0,140.0
Retail Trade,20-99,2,KY,349,20443616.0,372.0,0.0,207.0
Retail Trade,20-99,2,LA,259,19730157.0,375.0,0.0,170.0
Retail Trade,20-99,2,MA,426,30080792.0,696.0,0.0,371.0
Retail Trade,20-99,2,MD,520,35728710.0,695.0,1.0,465.0
Retail Trade,20-99,2,ME,152,10121093.0,340.0,0.0,238.0
Retail Trade,20-99,2,MI,666,46378536.0,764.0,0.0,444.0
Retail Trade,20-99,2,MN,653,41407221.0,978.0,0.0,533.0
Retail Trade,20-99,2,MO,410,27564801.0,520.0,1.0,313.0
Retail Trade,20-99,2,MS,156,11001569.0,147.0,0.0,87.0
Retail Trade,20-99,2,MT,100,7424898.0,229.0,0.0,149.0
Retail Trade,20-99,2,NC,1162,86517975.0,1292.0,0.0,853.0
Retail Trade,20-99,2,ND,81,5602063.0,87.0,0.0,46.0
Retail Trade,20-99,2,NE,133,9036527.0,171.0,0.0,109.0
Retail Trade,20-99,2,NH,146,9553834.0,284.0,0.0,189.0
Retail Trade,20-99,2,NJ,666,40147843.0,934.0,1.0,468.0
Retail Trade,20-99,2,NM,140,9311924.0,170.0,0.0,116.0
Retail Trade,20-99,2,NV,205,15294027.0,348.0,0.0,267.0
Retail Trade,20-99,2,NY,840,58625817.0,1171.0,1.0,827.0
Retail Trade,20-99,2,OH,736,47268446.0,699.0,1.0,447.0
Retail Trade,20-99,2,OK,229,14494025.0,280.0,0.0,185.0
Retail Trade,20-99,2,OR,370,26257716.0,809.0,0.0,593.0
Retail Trade,20-99,2,PA,1093,63874729.0,1549.0,0.0,853.0
Retail Trade,20-99,2,PR,109,8418331.0,296.0,0.0,236.0
Retail Trade,20-99,2,RI,75,5137099.0,114.0,0.0,73.0
Retail Trade,20-99,2,SC,498,36351873.0,635.0,0.0,417.0
Retail Trade,20-99,2,SD,71,4560855.0,97.0,0.0,46.0
Retail Trade,20-99,2,TN,495,35961534.0,683.0,0.0,435.0
Retail Trade,20-99,2,TX,1913,141221040.0,2937.0,1.0,2201.0
Retail Trade,20-99,2,UT,136,10372378.0,195.0,0.0,108.0
Retail Trade,20-99,2,VA,922,64749499.0,1179.0,0.0,741.0
Retail Trade,20-99,2,VI,5,329204.0,2.0,0.0,2.0
Retail Trade,20-99,2,VT,69,4200714.0,122.0,0.0,86.0
Retail Trade,20-99,2,WA,495,38961482.0,1050.0,0.0,779.0
Retail Trade,20-99,2,WI,419,26792101.0,586.0,0.0,314.0
Retail Trade,20-99,2,WV,121,8929146.0,120.0,0.0,86.0
Retail Trade,20-99,2,WY,42,3450099.0,88.0,0.0,37.0
Retail Trade,100-249,3,AK,30,7176219.0,137.0,0.0,96.0
Retail Trade,100-249,3,AL,243,50752456.0,829.0,1.0,546.0
Retail Trade,100-249,3,AR,156,32322509.0,547.0,1.0,259.0
Retail Trade,100-249,3,AZ,402,84666154.0,1543.0,1.0,1028.0
Retail Trade,100-249,3,CA,1484,319398523.0,9144.0,2.0,6398.0
Retail Trade,100-249,3,CO,327,72183195.0,1609.0,0.0,1069.0
Retail Trade,100-249,3,CT,215,43776464.0,1241.0,0.0,750.0
Retail Trade,100-249,3,DC,31,6407345.0,135.0,0.0,60.0
Retail Trade,100-249,3,DE,50,9756871.0,200.0,0.0,148.0
Retail Trade,100-249,3,FL,1463,316626192.0,5200.0,0.0,3745.0
Retail Trade,100-249,3,GA,661,136700209.0,2320.0,0.0,1555.0
Retail Trade,100-249,3,GU,1,249231.0,7.0,0.0,6.0
Retail Trade,100-249,3,HI,29,6888208.0,149.0,0.0,115.0
Retail Trade,100-249,3,IA,179,37278588.0,846.0,0.0,461.0
Retail Trade,100-249,3,ID,96,21854571.0,562.0,0.0,367.0
Retail Trade,100-249,3,IL,654,143252156.0,2857.0,2.0,1775.0
Retail Trade,100-249,3,IN,323,70810636.0,1165.0,2.0,673.0
Retail Trade,100-249,3,KS,141,32320524.0,740.0,0.0,407.0
Retail Trade,100-249,3,KY,221,48444328.0,765.0,0.0,475.0
Retail Trade,100-249,3,LA,182,39643753.0,783.0,1.0,283.0
Retail Trade,100-249,3,MA,415,80424935.0,1886.0,1.0,1127.0
Retail Trade,100-249,3,MD,320,62554127.0,1248.0,0.0,785.0
Retail Trade,100-249,3,ME,103,19724103.0,677.0,0.0,483.0
Retail Trade,100-249,3,MI,411,93966484.0,1727.0,0.0,1072.0
Retail Trade,100-249,3,MN,262,56229170.0,1516.0,0.0,804.0
Retail Trade,100-249,3,MO,233,49988621.0,1077.0,0.0,601.0
Retail Trade,100-249,3,MP,2,391040.0,10.0,0.0,6.0
Retail Trade,100-249,3,MS,98,22578717.0,350.0,1.0,199.0
Retail Trade,100-249,3,MT,53,10864334.0,383.0,0.0,245.0
Retail Trade,100-249,3,NC,677,134772627.0,2140.0,3.0,1280.0
Retail Trade,100-249,3,ND,40,8609940.0,178.0,0.0,75.0
Retail Trade,100-249,3,NE,79,17905371.0,388.0,0.0,200.0
Retail Trade,100-249,3,NH,104,20261896.0,554.0,0.0,366.0
Retail Trade,100-249,3,NJ,324,72928698.0,1729.0,0.0,1101.0
Retail Trade,100-249,3,NM,93,20256757.0,359.0,0.0,203.0
Retail Trade,100-249,3,NV,179,40676250.0,879.0,0.0,603.0
Retail Trade,100-249,3,NY,569,116345892.0,2923.0,1.0,1796.0
Retail Trade,100-249,3,OH,540,121535984.0,1833.0,0.0,1138.0
Retail Trade,100-249,3,OK,146,32806722.0,770.0,0.0,436.0
Retail Trade,100-249,3,OR,245,54663630.0,1593.0,0.0,1178.0
Retail Trade,100-249,3,PA,589,116551743.0,2872.0,1.0,1715.0
Retail Trade,100-249,3,PR,56,12656674.0,489.0,0.0,395.0
Retail Trade,100-249,3,PW,1,129708.0,1.0,0.0,1.0
Retail Trade,100-249,3,RI,63,12348643.0,302.0,0.0,198.0
Retail Trade,100-249,3,SC,319,68335484.0,1311.0,0.0,879.0
Retail Trade,100-249,3,SD,23,5032506.0,118.0,0.0,55.0
Retail Trade,100-249,3,TN,398,83437681.0,1521.0,0.0,1068.0
Retail Trade,100-249,3,TX,1003,231638473.0,4250.0,2.0,2741.0
Retail Trade,100-249,3,UT,163,33573917.0,715.0,0.0,420.0
Retail Trade,100-249,3,VA,467,95246179.0,1754.0,0.0,1103.0
Retail Trade,100-249,3,VI,1,236105.0,2.0,0.0,2.0
Retail Trade,100-249,3,VT,41,7354520.0,199.0,0.0,141.0
Retail Trade,100-249,3,WA,380,78625591.0,2360.0,0.0,1772.0
Retail Trade,100-249,3,WI,315,62146021.0,1382.0,0.0,792.0
Retail Trade,100-249,3,WV,63,13813737.0,291.0,0.0,177.0
Retail Trade,100-249,3,WY,23,4872630.0,111.0,0.0,66.0
Retail Trade,250+,4,AK,22,10601863.0,294.0,0.0,196.0
Retail Trade,250+,4,AL,97,51842812.0,1182.0,0.0,568.0
Retail Trade,250+,4,AR,59,43114174.0,733.0,0.0,358.0
Retail Trade,250+,4,AZ,139,79479422.0,2188.0,2.0,1447.0
Retail Trade,250+,4,CA,579,346458043.0,9633.0,0.0,6733.0
Retail Trade,250+,4,CO,106,55304755.0,1864.0,0.0,1134.0
Retail Trade,250+,4,CT,44,22270890.0,711.0,0.0,435.0
Retail Trade,250+,4,DC,9,3734366.0,96.0,0.0,72.0
Retail Trade,250+,4,DE,28,27549039.0,171.0,0.0,114.0
Retail Trade,250+,4,FL,350,205385193.0,5106.0,0.0,2830.0
Retail Trade,250+,4,GA,181,103030874.0,2385.0,1.0,1282.0
Retail Trade,250+,4,HI,38,21015614.0,527.0,0.0,400.0
Retail Trade,250+,4,IA,83,42483890.0,928.0,0.0,568.0
Retail Trade,250+,4,ID,36,21557793.0,741.0,1.0,465.0
Retail Trade,250+,4,IL,202,107738243.0,2970.0,0.0,1851.0
Retail Trade,250+,4,IN,137,88755921.0,1780.0,0.0,1046.0
Retail Trade,250+,4,KS,54,29657129.0,830.0,0.0,490.0
Retail Trade,250+,4,KY,92,48715928.0,1081.0,0.0,527.0
Retail Trade,250+,4,LA,81,43823744.0,816.0,0.0,391.0
Retail Trade,250+,4,MA,114,55375249.0,806.0,0.0,588.0
Retail Trade,250+,4,MD,82,42966717.0,1176.0,0.0,789.0
Retail Trade,250+,4,ME,21,10345692.0,386.0,0.0,262.0
Retail Trade,250+,4,MI,194,93627904.0,1939.0,1.0,1136.0
Retail Trade,250+,4,MN,144,111099146.0,1889.0,0.0,1154.0
Retail Trade,250+,4,MO,128,68715266.0,1996.0,0.0,1012.0
Retail Trade,250+,4,MS,53,28519946.0,587.0,0.0,268.0
Retail Trade,250+,4,MT,19,9785205.0,424.0,0.0,266.0
Retail Trade,250+,4,NC,194,107986876.0,2378.0,1.0,1327.0
Retail Trade,250+,4,ND,16,8765301.0,188.0,0.0,77.0
Retail Trade,250+,4,NE,57,30191640.0,771.0,0.0,405.0
Retail Trade,250+,4,NH,51,21467314.0,359.0,0.0,203.0
Retail Trade,250+,4,NJ,134,74207541.0,2155.0,0.0,1508.0
Retail Trade,250+,4,NM,38,21172939.0,493.0,0.0,241.0
Retail Trade,250+,4,NV,52,29574555.0,852.0,0.0,550.0
Retail Trade,250+,4,NY,258,145900557.0,3810.0,0.0,2503.0
Retail Trade,250+,4,OH,200,115751212.0,2460.0,1.0,1109.0
Retail Trade,250+,4,OK,75,44206508.0,1157.0,0.0,551.0
Retail Trade,250+,4,OR,79,44757535.0,1404.0,0.0,1051.0
Retail Trade,250+,4,PA,214,160647277.0,3562.0,1.0,2165.0
Retail Trade,250+,4,PR,38,25203828.0,510.0,0.0,386.0
Retail Trade,250+,4,RI,10,4938138.0,122.0,0.0,80.0
Retail Trade,250+,4,SC,92,50879679.0,1558.0,0.0,819.0
Retail Trade,250+,4,SD,24,12148153.0,354.0,0.0,203.0
Retail Trade,250+,4,TN,127,72267058.0,1560.0,0.0,844.0
Retail Trade,250+,4,TX,490,284757536.0,6069.0,0.0,3129.0
Retail Trade,250+,4,UT,85,49173170.0,1222.0,0.0,750.0
Retail Trade,250+,4,VA,152,83189102.0,1885.0,0.0,1137.0
Retail Trade,250+,4,VT,4,1787865.0,54.0,0.0,27.0
Retail Trade,250+,4,WA,153,82905110.0,3076.0,0.0,2331.0
Retail Trade,250+,4,WI,126,61273547.0,1581.0,0.0,893.0
Retail Trade,250+,4,WV,29,16337030.0,512.0,0.0,279.0
Retail Trade,250+,4,WY,10,5621574.0,198.0,0.0,99.0
Transportation and Warehousing,Under 20,1,AK,50,628745.0,25.0,0.0,19.0
Transportation and Warehousing,Under 20,1,AL,135,2379394.0,97.0,1.0,77.0
Transportation and Warehousing,Under 20,1,AR,101,1561249.0,51.0,0.0,40.0
Transportation and Warehousing,Under 20,1,AS,1,3285.0,0.0,0.0,0.0
Transportation and Warehousing,Under 20,1,AZ,122,2068641.0,60.0,0.0,48.0
Transportation and Warehousing,Under 20,1,CA,602,10411470.0,303.0,0.0,246.0
Transportation and Warehousing,Under 20,1,CO,121,2489500.0,94.0,1.0,77.0
Transportation and Warehousing,Under 20,1,CT,59,887016.0,30.0,0.0,27.0
Transportation and Warehousing,Under 20,1,DC,4,37300.0,3.0,0.0,3.0
Transportation and Warehousing,Under 20,1,DE,15,264933.0,10.0,0.0,7.0
Transportation and Warehousing,Under 20,1,FL,293,5658989.0,125.0,0.0,96.0
Transportation and Warehousing,Under 20,1,GA,290,5371871.0,125.0,0.0,95.0
Transportation and Warehousing,Under 20,1,GU,1,4400.0,0.0,0.0,0.0
Transportation and Warehousing,Under 20,1,HI,36,694718.0,25.0,0.0,24.0
Transportation and Warehousing,Under 20,1,IA,237,3374290.0,98.0,0.0,73.0
Transportation and Warehousing,Under 20,1,ID,52,670853.0,29.0,0.0,24.0
Transportation and Warehousing,Under 20,1,IL,320,6088488.0,185.0,0.0,150.0
Transportation and Warehousing,Under 20,1,IN,199,3600189.0,121.0,0.0,98.0
Transportation and Warehousing,Under 20,1,KS,93,1626674.0,54.0,0.0,41.0
Transportation and Warehousing,Under 20,1,KY,113,1927856.0,65.0,0.0,52.0
Transportation and Warehousing,Under 20,1,LA,137,2610247.0,77.0,0.0,60.0
Transportation and Warehousing,Under 20,1,MA,141,2646344.0,114.0,1.0,95.0
Transportation and Warehousing,Under 20,1,MD,94,1643810.0,88.0,0.0,71.0
Transportation and Warehousing,Under 20,1,ME,63,1043643.0,67.0,0.0,58.0
Transportation and Warehousing,Under 20,1,MI,218,4011301.0,159.0,0.0,135.0
Transportation and Warehousing,Under 20,1,MN,169,2991116.0,118.0,0.0,91.0
Transportation and Warehousing,Under 20,1,MO,142,2557937.0,85.0,0.0,64.0
Transportation and Warehousing,Under 20,1,MP,1,7220.0,0.0,0.0,0.0
Transportation and Warehousing,Under 20,1,MS,83,1561569.0,71.0,0.0,52.0
Transportation and Warehousing,Under 20,1,MT,39,703027.0,30.0,0.0,22.0
Transportation and Warehousing,Under 20,1,NC,237,4015618.0,121.0,0.0,100.0
Transportation and Warehousing,Under 20,1,ND,26,421488.0,13.0,0.0,12.0
Transportation and Warehousing,Under 20,1,NE,74,1212537.0,44.0,0.0,34.0
Transportation and Warehousing,Under 20,1,NH,49,838948.0,51.0,0.0,43.0
Transportation and Warehousing,Under 20,1,NJ,136,2306002.0,89.0,1.0,66.0
Transportation and Warehousing,Under 20,1,NM,42,675491.0,24.0,0.0,21.0
Transportation and Warehousing,Under 20,1,NV,80,1424892.0,30.0,0.0,25.0
Transportation and Warehousing,Under 20,1,NY,272,5043977.0,210.0,0.0,179.0
Transportation and Warehousing,Under 20,1,OH,290,5256650.0,147.0,0.0,129.0
Transportation and Warehousing,Under 20,1,OK,96,1585913.0,87.0,0.0,71.0
Transportation and Warehousing,Under 20,1,OR,117,2078883.0,61.0,0.0,51.0
Transportation and Warehousing,Under 20,1,PA,350,6547838.0,234.0,1.0,196.0
Transportation and Warehousing,Under 20,1,PR,44,701201.0,24.0,0.0,19.0
Transportation and Warehousing,Under 20,1,RI,21,428406.0,19.0,1.0,14.0
Transportation and Warehousing,Under 20,1,SC,122,2222232.0,66.0,0.0,51.0
Transportation and Warehousing,Under 20,1,SD,26,411921.0,30.0,1.0,24.0
Transportation and Warehousing,Under 20,1,TN,154,2951723.0,76.0,0.0,59.0
Transportation and Warehousing,Under 20,1,TX,565,10140264.0,253.0,0.0,195.0
Transportation and Warehousing,Under 20,1,UT,76,1444465.0,28.0,0.0,22.0
Transportation and Warehousing,Under 20,1,VA,175,3001756.0,105.0,0.0,78.0
Transportation and Warehousing,Under 20,1,VI,4,61782.0,4.0,0.0,4.0
Transportation and Warehousing,Under 20,1,VT,36,698798.0,37.0,0.0,30.0
Transportation and Warehousing,Under 20,1,WA,166,2922326.0,106.0,0.0,83.0
Transportation and Warehousing,Under 20,1,WI,209,3339716.0,125.0,0.0,101.0
Transportation and Warehousing,Under 20,1,WV,62,1057489.0,64.0,0.0,39.0
Transportation and Warehousing,Under 20,1,WY,29,597976.0,22.0,0.0,18.0
Transportation and Warehousing,20-99,2,AK,86,7143859.0,210.0,0.0,169.0
Transportation and Warehousing,20-99,2,AL,370,29977163.0,622.0,2.0,518.0
Transportation and Warehousing,20-99,2,AR,230,19908845.0,331.0,0.0,269.0
Transportation and Warehousing,20-99,2,AZ,385,36272832.0,1035.0,0.0,796.0
Transportation and Warehousing,20-99,2,CA,2115,195320149.0,5679.0,5.0,4564.0
Transportation and Warehousing,20-99,2,CO,317,28486060.0,1045.0,1.0,825.0
Transportation and Warehousing,20-99,2,CT,268,21336933.0,683.0,0.0,518.0
Transportation and Warehousing,20-99,2,DC,22,2305744.0,36.0,0.0,31.0
Transportation and Warehousing,20-99,2,DE,65,6196728.0,166.0,0.0,138.0
Transportation and Warehousing,20-99,2,FL,1131,102930999.0,2807.0,0.0,2294.0
Transportation and Warehousing,20-99,2,GA,772,70487023.0,1408.0,5.0,1029.0
Transportation and Warehousing,20-99,2,GU,6,538880.0,12.0,0.0,7.0
Transportation and Warehousing,20-99,2,HI,108,8417604.0,214.0,0.0,180.0
Transportation and Warehousing,20-99,2,IA,290,24551353.0,646.0,0.0,469.0
Transportation and Warehousing,20-99,2,ID,131,11428837.0,358.0,0.0,280.0
Transportation and Warehousing,20-99,2,IL,1047,93555384.0,2432.0,2.0,1950.0
Transportation and Warehousing,20-99,2,IN,567,49941891.0,1104.0,3.0,845.0
Transportation and Warehousing,20-99,2,KS,220,19216440.0,498.0,2.0,363.0
Transportation and Warehousing,20-99,2,KY,364,32285198.0,756.0,1.0,586.0
Transportation and Warehousing,20-99,2,LA,313,26206186.0,484.0,2.0,388.0
Transportation and Warehousing,20-99,2,MA,385,33361982.0,1127.0,0.0,937.0
Transportation and Warehousing,20-99,2,MD,319,29735887.0,1074.0,1.0,860.0
Transportation and Warehousing,20-99,2,ME,87,7195848.0,234.0,0.0,181.0
Transportation and Warehousing,20-99,2,MI,641,54862998.0,1624.0,1.0,1252.0
Transportation and Warehousing,20-99,2,MN,423,34204250.0,1017.0,0.0,713.0
Transportation and Warehousing,20-99,2,MO,455,39095034.0,1138.0,0.0,882.0
Transportation and Warehousing,20-99,2,MP,1,161738.0,1.0,0.0,1.0
Transportation and Warehousing,20-99,2,MS,219,17176761.0,284.0,1.0,225.0
Transportation and Warehousing,20-99,2,MT,81,6156910.0,273.0,0.0,213.0
Transportation and Warehousing,20-99,2,NC,742,67013934.0,1574.0,1.0,1232.0
Transportation and Warehousing,20-99,2,ND,70,6341796.0,77.0,0.0,57.0
Transportation and Warehousing,20-99,2,NE,172,15439133.0,322.0,0.0,255.0
Transportation and Warehousing,20-99,2,NH,97,6981717.0,243.0,0.0,209.0
Transportation and Warehousing,20-99,2,NJ,634,58186645.0,1578.0,0.0,1215.0
Transportation and Warehousing,20-99,2,NM,123,9705814.0,224.0,0.0,157.0
Transportation and Warehousing,20-99,2,NV,197,18339443.0,443.0,1.0,316.0
Transportation and Warehousing,20-99,2,NY,922,79449413.0,2458.0,2.0,2024.0
Transportation and Warehousing,20-99,2,OH,994,86393106.0,2013.0,1.0,1621.0
Transportation and Warehousing,20-99,2,OK,222,19281892.0,532.0,1.0,406.0
Transportation and Warehousing,20-99,2,OR,332,26582549.0,874.0,2.0,713.0
Transportation and Warehousing,20-99,2,PA,1006,83783125.0,2221.0,2.0,1764.0
Transportation and Warehousing,20-99,2,PR,81,5628513.0,130.0,0.0,109.0
Transportation and Warehousing,20-99,2,RI,66,5392896.0,237.0,0.0,188.0
Transportation and Warehousing,20-99,2,SC,318,26637483.0,592.0,0.0,460.0
Transportation and Warehousing,20-99,2,SD,68,5251907.0,158.0,1.0,118.0
Transportation and Warehousing,20-99,2,TN,571,49580853.0,1041.0,3.0,783.0
Transportation and Warehousing,20-99,2,TX,1770,161680376.0,3422.0,5.0,2602.0
Transportation and Warehousing,20-99,2,UT,214,19224522.0,471.0,1.0,332.0
Transportation and Warehousing,20-99,2,VA,531,47137961.0,1094.0,2.0,908.0
Transportation and Warehousing,20-99,2,VI,8,594281.0,5.0,0.0,4.0
Transportation and Warehousing,20-99,2,VT,53,4151924.0,134.0,0.0,103.0
Transportation and Warehousing,20-99,2,WA,488,41981545.0,1466.0,1.0,1168.0
Transportation and Warehousing,20-99,2,WI,516,43158453.0,1108.0,0.0,812.0
Transportation and Warehousing,20-99,2,WV,80,6832894.0,199.0,0.0,162.0
Transportation and Warehousing,20-99,2,WY,60,4088988.0,74.0,0.0,51.0
Transportation and Warehousing,100-249,3,AK,21,5213791.0,181.0,0.0,119.0
Transportation and Warehousing,100-249,3,AL,97,25883284.0,591.0,1.0,453.0
Transportation and Warehousing,100-249,3,AR,43,12312513.0,242.0,0.0,179.0
Transportation and Warehousing,100-249,3,AZ,112,30418535.0,793.0,1.0,598.0
Transportation and Warehousing,100-249,3,CA,702,179552393.0,5681.0,0.0,4665.0
Transportation and Warehousing,100-249,3,CO,109,28407410.0,992.0,1.0,749.0
Transportation and Warehousing,100-249,3,CT,87,20555795.0,685.0,0.0,551.0
Transportation and Warehousing,100-249,3,DC,8,1637105.0,34.0,0.0,24.0
Transportation and Warehousing,100-249,3,DE,14,2830697.0,80.0,0.0,66.0
Transportation and Warehousing,100-249,3,FL,389,101266557.0,2740.0,2.0,2120.0
Transportation and Warehousing,100-249,3,GA,279,76116573.0,1607.0,1.0,1259.0
Transportation and Warehousing,100-249,3,GU,1,183153.0,2.0,0.0,2.0
Transportation and Warehousing,100-249,3,HI,26,4991030.0,210.0,0.0,172.0
Transportation and Warehousing,100-249,3,IA,72,17331756.0,442.0,1.0,314.0
Transportation and Warehousing,100-249,3,ID,34,7929883.0,391.0,0.0,314.0
Transportation and Warehousing,100-249,3,IL,357,94521493.0,2305.0,2.0,1903.0
Transportation and Warehousing,100-249,3,IN,191,53658028.0,1282.0,1.0,1040.0
Transportation and Warehousing,100-249,3,KS,41,10675659.0,337.0,0.0,264.0
Transportation and Warehousing,100-249,3,KY,124,35372275.0,773.0,0.0,603.0
Transportation and Warehousing,100-249,3,LA,79,19194680.0,485.0,0.0,390.0
Transportation and Warehousing,100-249,3,MA,114,27175780.0,1010.0,1.0,841.0
Transportation and Warehousing,100-249,3,MD,129,32607266.0,1032.0,2.0,822.0
Transportation and Warehousing,100-249,3,ME,19,4753917.0,186.0,0.0,144.0
Transportation and Warehousing,100-249,3,MH,1,402612.0,11.0,0.0,8.0
Transportation and Warehousing,100-249,3,MI,217,55279385.0,1765.0,1.0,1440.0
Transportation and Warehousing,100-249,3,MN,79,19280276.0,676.0,0.0,511.0
Transportation and Warehousing,100-249,3,MO,129,33754079.0,1005.0,0.0,806.0
Transportation and Warehousing,100-249,3,MS,43,12588360.0,158.0,0.0,106.0
Transportation and Warehousing,100-249,3,MT,10,2506686.0,59.0,0.0,48.0
Transportation and Warehousing,100-249,3,NC,229,61814133.0,1354.0,2.0,1100.0
Transportation and Warehousing,100-249,3,ND,15,3034650.0,50.0,0.0,35.0
Transportation and Warehousing,100-249,3,NE,35,8592543.0,239.0,0.0,161.0
Transportation and Warehousing,100-249,3,NH,25,6664589.0,163.0,0.0,137.0
Transportation and Warehousing,100-249,3,NJ,220,56166355.0,1492.0,1.0,1214.0
Transportation and Warehousing,100-249,3,NM,33,7374203.0,259.0,0.0,210.0
Transportation and Warehousing,100-249,3,NV,77,20923788.0,602.0,0.0,481.0
Transportation and Warehousing,100-249,3,NY,316,72962570.0,2403.0,1.0,1978.0
Transportation and Warehousing,100-249,3,OH,275,74287377.0,1719.0,4.0,1335.0
Transportation and Warehousing,100-249,3,OK,46,12719914.0,271.0,0.0,228.0
Transportation and Warehousing,100-249,3,OR,82,21621237.0,792.0,0.0,653.0
Transportation and Warehousing,100-249,3,PA,319,82045018.0,2170.0,1.0,1769.0
Transportation and Warehousing,100-249,3,PR,15,3451025.0,81.0,0.0,71.0
Transportation and Warehousing,100-249,3,RI,18,4423060.0,155.0,0.0,134.0
Transportation and Warehousing,100-249,3,SC,107,28351231.0,709.0,0.0,549.0
Transportation and Warehousing,100-249,3,SD,16,3468831.0,137.0,0.0,93.0
Transportation and Warehousing,100-249,3,TN,179,50035060.0,1082.0,2.0,880.0
Transportation and Warehousing,100-249,3,TX,577,157113792.0,3565.0,5.0,2844.0
Transportation and Warehousing,100-249,3,UT,75,19465456.0,633.0,0.0,454.0
Transportation and Warehousing,100-249,3,VA,141,36980155.0,1065.0,1.0,864.0
Transportation and Warehousing,100-249,3,VI,1,292488.0,1.0,0.0,1.0
Transportation and Warehousing,100-249,3,VT,5,1090188.0,30.0,0.0,27.0
Transportation and Warehousing,100-249,3,WA,148,35506851.0,1462.0,0.0,1189.0
Transportation and Warehousing,100-249,3,WI,130,32364371.0,1051.0,0.0,821.0
Transportation and Warehousing,100-249,3,WV,16,3740905.0,124.0,1.0,106.0
Transportation and Warehousing,100-249,3,WY,6,1674732.0,47.0,0.0,39.0
Transportation and Warehousing,250+,4,AK,9,7187168.0,212.0,0.0,180.0
Transportation and Warehousing,250+,4,AL,35,46295241.0,819.0,2.0,695.0
Transportation and Warehousing,250+,4,AR,41,51459567.0,704.0,1.0,582.0
Transportation and Warehousing,250+,4,AZ,102,126364314.0,3766.0,1.0,3193.0
Transportation and Warehousing,250+,4,CA,482,631558152.0,20288.0,6.0,17376.0
Transportation and Warehousing,250+,4,CO,61,89377513.0,3096.0,1.0,2642.0
Transportation and Warehousing,250+,4,CT,39,46895780.0,1636.0,0.0,1441.0
Transportation and Warehousing,250+,4,DC,9,9434423.0,263.0,0.0,242.0
Transportation and Warehousing,250+,4,DE,16,24778546.0,607.0,0.0,544.0
Transportation and Warehousing,250+,4,FL,244,294028866.0,8136.0,1.0,7017.0
Transportation and Warehousing,250+,4,GA,171,269669948.0,6473.0,2.0,5426.0
Transportation and Warehousing,250+,4,GU,2,2574304.0,32.0,0.0,25.0
Transportation and Warehousing,250+,4,HI,18,18678168.0,566.0,0.0,509.0
Transportation and Warehousing,250+,4,IA,26,38798994.0,878.0,2.0,788.0
Transportation and Warehousing,250+,4,ID,13,10548559.0,353.0,0.0,305.0
Transportation and Warehousing,250+,4,IL,211,270360938.0,9118.0,2.0,7976.0
Transportation and Warehousing,250+,4,IN,100,133214748.0,2695.0,0.0,2253.0
Transportation and Warehousing,250+,4,KS,46,52703013.0,1388.0,1.0,1177.0
Transportation and Warehousing,250+,4,KY,68,139467842.0,4252.0,4.0,2775.0
Transportation and Warehousing,250+,4,LA,31,31388444.0,619.0,0.0,504.0
Transportation and Warehousing,250+,4,MA,55,72700994.0,2171.0,0.0,1940.0
Transportation and Warehousing,250+,4,MD,87,96002037.0,2861.0,0.0,2424.0
Transportation and Warehousing,250+,4,ME,8,5020236.0,249.0,0.0,219.0
Transportation and Warehousing,250+,4,MI,104,116259901.0,2962.0,1.0,2608.0
Transportation and Warehousing,250+,4,MN,56,66780603.0,1928.0,1.0,1643.0
Transportation and Warehousing,250+,4,MO,52,54681477.0,2001.0,0.0,1692.0
Transportation and Warehousing,250+,4,MS,28,36925198.0,735.0,0.0,581.0
Transportation and Warehousing,250+,4,MT,2,987706.0,82.0,0.0,71.0
Transportation and Warehousing,250+,4,NC,128,156900739.0,4384.0,8.0,3668.0
Transportation and Warehousing,250+,4,ND,4,3254929.0,38.0,0.0,27.0
Transportation and Warehousing,250+,4,NE,15,17921878.0,410.0,2.0,305.0
Transportation and Warehousing,250+,4,NH,7,5490221.0,158.0,0.0,133.0
Transportation and Warehousing,250+,4,NJ,120,184964707.0,4310.0,0.0,3739.0
Transportation and Warehousing,250+,4,NM,11,10172873.0,137.0,0.0,120.0
Transportation and Warehousing,250+,4,NV,53,69093414.0,2262.0,0.0,1923.0
Transportation and Warehousing,250+,4,NY,141,188415930.0,5931.0,1.0,5152.0
Transportation and Warehousing,250+,4,OH,147,188136746.0,4006.0,1.0,3265.0
Transportation and Warehousing,250+,4,OK,32,43149079.0,909.0,0.0,743.0
Transportation and Warehousing,250+,4,OR,43,45268893.0,2018.0,0.0,1838.0
Transportation and Warehousing,250+,4,PA,202,225786777.0,6519.0,2.0,5682.0
Transportation and Warehousing,250+,4,PR,9,7146834.0,85.0,0.0,74.0
Transportation and Warehousing,250+,4,RI,7,11602092.0,386.0,0.0,360.0
Transportation and Warehousing,250+,4,SC,54,54804012.0,1125.0,0.0,931.0
Transportation and Warehousing,250+,4,SD,4,5151310.0,146.0,0.0,133.0
Transportation and Warehousing,250+,4,TN,129,200673001.0,4073.0,1.0,3469.0
Transportation and Warehousing,250+,4,TX,342,450454995.0,11237.0,5.0,9847.0
Transportation and Warehousing,250+,4,UT,49,71290237.0,1639.0,0.0,1341.0
Transportation and Warehousing,250+,4,VA,114,150837274.0,3059.0,0.0,2638.0
Transportation and Warehousing,250+,4,VT,2,952646.0,40.0,0.0,33.0
Transportation and Warehousing,250+,4,WA,83,125304912.0,4141.0,1.0,3740.0
Transportation and Warehousing,250+,4,WI,61,69882418.0,1978.0,0.0,1716.0
Transportation and Warehousing,250+,4,WV,7,6278034.0,131.0,0.0,110.0
Transportation and Warehousing,250+,4,WY,3,2857179.0,62.0,0.0,53.0
Utilities,Under 20,1,AK,17,289036.0,6.0,0.0,4.0
Utilities,Under 20,1,AL,16,226277.0,2.0,0.0,2.0
Utilities,Under 20,1,AR,11,133933.0,1.0,0.0,0.0
Utilities,Under 20,1,AZ,38,644552.0,16.0,0.0,8.0
Utilities,Under 20,1,CA,197,2688203.0,32.0,0.0,20.0
Utilities,Under 20,1,CO,36,511226.0,5.0,0.0,4.0
Utilities,Under 20,1,CT,35,557806.0,18.0,0.0,13.0
Utilities,Under 20,1,DC,5,80643.0,0.0,0.0,0.0
Utilities,Under 20,1,DE,4,72116.0,2.0,0.0,1.0
Utilities,Under 20,1,FL,29,644212.0,7.0,0.0,5.0
Utilities,Under 20,1,GA,28,558626.0,7.0,0.0,4.0
Utilities,Under 20,1,GU,1,34640.0,1.0,0.0,1.0
Utilities,Under 20,1,HI,16,271227.0,4.0,0.0,3.0
Utilities,Under 20,1,IA,46,951388.0,13.0,0.0,5.0
Utilities,Under 20,1,ID,15,133470.0,2.0,0.0,1.0
Utilities,Under 20,1,IL,78,1450680.0,28.0,0.0,18.0
Utilities,Under 20,1,IN,79,1503308.0,22.0,0.0,9.0
Utilities,Under 20,1,KS,47,924197.0,8.0,0.0,2.0
Utilities,Under 20,1,KY,39,730773.0,10.0,0.0,5.0
Utilities,Under 20,1,LA,24,503053.0,3.0,0.0,3.0
Utilities,Under 20,1,MA,36,605985.0,6.0,0.0,2.0
Utilities,Under 20,1,MD,41,635850.0,24.0,0.0,19.0
Utilities,Under 20,1,ME,7,167168.0,4.0,0.0,2.0
Utilities,Under 20,1,MI,74,1303274.0,24.0,0.0,11.0
Utilities,Under 20,1,MN,49,820946.0,13.0,0.0,4.0
Utilities,Under 20,1,MO,54,922713.0,17.0,0.0,13.0
Utilities,Under 20,1,MS,22,301756.0,6.0,0.0,4.0
Utilities,Under 20,1,MT,10,146699.0,2.0,0.0,1.0
Utilities,Under 20,1,NC,57,909682.0,11.0,0.0,6.0
Utilities,Under 20,1,ND,1,17128.0,0.0,0.0,0.0
Utilities,Under 20,1,NE,37,417769.0,9.0,0.0,4.0
Utilities,Under 20,1,NH,7,104461.0,2.0,0.0,2.0
Utilities,Under 20,1,NJ,29,532901.0,7.0,0.0,4.0
Utilities,Under 20,1,NM,15,225630.0,2.0,0.0,1.0
Utilities,Under 20,1,NV,27,441794.0,3.0,0.0,2.0
Utilities,Under 20,1,NY,72,749670.0,26.0,0.0,11.0
Utilities,Under 20,1,OH,63,1022736.0,10.0,0.0,5.0
Utilities,Under 20,1,OK,34,551668.0,11.0,0.0,6.0
Utilities,Under 20,1,OR,46,727689.0,16.0,0.0,7.0
Utilities,Under 20,1,PA,75,1231315.0,9.0,0.0,5.0
Utilities,Under 20,1,PR,11,141349.0,0.0,0.0,0.0
Utilities,Under 20,1,RI,12,260239.0,3.0,0.0,2.0
Utilities,Under 20,1,SC,60,1110721.0,11.0,0.0,7.0
Utilities,Under 20,1,SD,15,174534.0,2.0,0.0,2.0
Utilities,Under 20,1,TN,50,1034968.0,11.0,0.0,8.0
Utilities,Under 20,1,TX,92,1653803.0,17.0,0.0,12.0
Utilities,Under 20,1,UT,8,117389.0,0.0,0.0,0.0
Utilities,Under 20,1,VA,73,1150601.0,17.0,0.0,9.0
Utilities,Under 20,1,VI,3,16020.0,0.0,0.0,0.0
Utilities,Under 20,1,VT,17,433374.0,6.0,0.0,3.0
Utilities,Under 20,1,WA,64,852742.0,14.0,0.0,5.0
Utilities,Under 20,1,WI,12,130173.0,0.0,0.0,0.0
Utilities,Under 20,1,WV,15,234056.0,5.0,0.0,1.0
Utilities,Under 20,1,WY,15,238515.0,1.0,0.0,0.0
Utilities,20-99,2,AK,21,1673213.0,29.0,0.0,22.0
Utilities,20-99,2,AL,73,6852928.0,174.0,0.0,96.0
Utilities,20-99,2,AR,44,4229374.0,34.0,0.0,11.0
Utilities,20-99,2,AZ,52,4425374.0,57.0,0.0,29.0
Utilities,20-99,2,CA,297,25931195.0,505.0,0.0,346.0
Utilities,20-99,2,CO,65,5150331.0,86.0,0.0,48.0
Utilities,20-99,2,CT,44,3638804.0,59.0,0.0,36.0
Utilities,20-99,2,DC,5,403299.0,6.0,0.0,6.0
Utilities,20-99,2,DE,6,573348.0,2.0,1.0,1.0
Utilities,20-99,2,FL,89,8673543.0,83.0,1.0,52.0
Utilities,20-99,2,GA,114,10097316.0,188.0,1.0,100.0
Utilities,20-99,2,HI,24,1535917.0,11.0,0.0,9.0
Utilities,20-99,2,IA,70,5546263.0,92.0,0.0,49.0
Utilities,20-99,2,ID,20,1289080.0,29.0,0.0,8.0
Utilities,20-99,2,IL,136,11958115.0,178.0,0.0,140.0
Utilities,20-99,2,IN,125,10476378.0,126.0,0.0,77.0
Utilities,20-99,2,KS,31,2695188.0,35.0,0.0,19.0
Utilities,20-99,2,KY,69,6425504.0,93.0,0.0,43.0
Utilities,20-99,2,LA,75,6090813.0,37.0,1.0,21.0
Utilities,20-99,2,MA,72,6511404.0,86.0,0.0,50.0
Utilities,20-99,2,MD,37,3533568.0,78.0,0.0,74.0
Utilities,20-99,2,ME,25,1874159.0,37.0,0.0,20.0
Utilities,20-99,2,MI,125,11694886.0,141.0,1.0,104.0
Utilities,20-99,2,MN,93,7882797.0,130.0,0.0,63.0
Utilities,20-99,2,MO,92,7588017.0,109.0,1.0,51.0
Utilities,20-99,2,MS,74,6869201.0,47.0,0.0,19.0
Utilities,20-99,2,MT,20,1641766.0,23.0,0.0,16.0
Utilities,20-99,2,NC,143,11777726.0,109.0,0.0,62.0
Utilities,20-99,2,ND,17,1354090.0,13.0,0.0,7.0
Utilities,20-99,2,NE,14,816259.0,17.0,0.0,10.0
Utilities,20-99,2,NH,36,2871464.0,39.0,0.0,15.0
Utilities,20-99,2,NJ,57,5131472.0,72.0,0.0,45.0
Utilities,20-99,2,NM,110,9565169.0,57.0,0.0,42.0
Utilities,20-99,2,NV,25,1446536.0,15.0,0.0,10.0
Utilities,20-99,2,NY,153,14118031.0,207.0,0.0,109.0
Utilities,20-99,2,OH,131,10752505.0,86.0,0.0,49.0
Utilities,20-99,2,OK,75,7211385.0,92.0,0.0,42.0
Utilities,20-99,2,OR,67,5652821.0,99.0,0.0,53.0
Utilities,20-99,2,PA,114,9642030.0,81.0,0.0,43.0
Utilities,20-99,2,PR,6,636453.0,11.0,0.0,9.0
Utilities,20-99,2,RI,12,1100876.0,21.0,0.0,19.0
Utilities,20-99,2,SC,89,7893408.0,66.0,1.0,32.0
Utilities,20-99,2,SD,18,1529129.0,29.0,0.0,16.0
Utilities,20-99,2,TN,61,5389673.0,123.0,0.0,63.0
Utilities,20-99,2,TX,333,30600801.0,247.0,1.0,145.0
Utilities,20-99,2,UT,22,2033729.0,18.0,0.0,10.0
Utilities,20-99,2,VA,116,11162267.0,102.0,0.0,69.0
Utilities,20-99,2,VT,10,606923.0,16.0,0.0,10.0
Utilities,20-99,2,WA,80,6630336.0,121.0,1.0,71.0
Utilities,20-99,2,WI,70,6275605.0,88.0,0.0,55.0
Utilities,20-99,2,WV,36,3517998.0,34.0,0.0,25.0
Utilities,20-99,2,WY,20,1362337.0,19.0,0.0,5.0
Utilities,100-249,3,AK,4,1070887.0,15.0,0.0,11.0
Utilities,100-249,3,AL,14,4002470.0,53.0,0.0,32.0
Utilities,100-249,3,AR,4,1218822.0,13.0,0.0,4.0
Utilities,100-249,3,AZ,13,3897160.0,45.0,0.0,29.0
Utilities,100-249,3,CA,96,27679057.0,607.0,0.0,448.0
Utilities,100-249,3,CO,15,3795084.0,33.0,0.0,17.0
Utilities,100-249,3,CT,15,4528768.0,76.0,0.0,30.0
Utilities,100-249,3,DC,3,630685.0,2.0,0.0,1.0
Utilities,100-249,3,DE,3,920124.0,12.0,0.0,11.0
Utilities,100-249,3,FL,20,5464822.0,32.0,0.0,13.0
Utilities,100-249,3,GA,27,8328160.0,123.0,0.0,57.0
Utilities,100-249,3,HI,6,1844976.0,24.0,0.0,21.0
Utilities,100-249,3,IA,12,2974255.0,18.0,0.0,8.0
Utilities,100-249,3,ID,4,1058484.0,9.0,0.0,4.0
Utilities,100-249,3,IL,32,9517416.0,100.0,0.0,76.0
Utilities,100-249,3,IN,26,7846247.0,58.0,0.0,16.0
Utilities,100-249,3,KS,4,1257003.0,6.0,0.0,3.0
Utilities,100-249,3,KY,18,5081378.0,29.0,1.0,17.0
Utilities,100-249,3,LA,13,3450650.0,18.0,0.0,15.0
Utilities,100-249,3,MA,25,8272391.0,116.0,0.0,70.0
Utilities,100-249,3,MD,5,1263875.0,42.0,0.0,39.0
Utilities,100-249,3,ME,7,1986189.0,16.0,0.0,11.0
Utilities,100-249,3,MI,30,10349393.0,98.0,0.0,65.0
Utilities,100-249,3,MN,18,6235639.0,97.0,0.0,57.0
Utilities,100-249,3,MO,19,5801329.0,68.0,0.0,40.0
Utilities,100-249,3,MS,13,3467483.0,42.0,0.0,24.0
Utilities,100-249,3,MT,3,717922.0,4.0,0.0,4.0
Utilities,100-249,3,NC,25,7087368.0,55.0,0.0,38.0
Utilities,100-249,3,ND,6,2088692.0,25.0,0.0,11.0
Utilities,100-249,3,NE,3,653175.0,12.0,0.0,4.0
Utilities,100-249,3,NH,4,1389416.0,9.0,0.0,3.0
Utilities,100-249,3,NJ,12,4151179.0,40.0,0.0,24.0
Utilities,100-249,3,NM,10,3114169.0,23.0,0.0,22.0
Utilities,100-249,3,NV,7,2441170.0,39.0,0.0,22.0
Utilities,100-249,3,NY,77,22232424.0,273.0,0.0,172.0
Utilities,100-249,3,OH,18,5850467.0,34.0,0.0,20.0
Utilities,100-249,3,OK,13,3736233.0,37.0,1.0,23.0
Utilities,100-249,3,OR,13,3197171.0,39.0,0.0,11.0
Utilities,100-249,3,PA,26,7773980.0,64.0,0.0,44.0
Utilities,100-249,3,PR,6,1423613.0,13.0,0.0,11.0
Utilities,100-249,3,RI,3,862000.0,10.0,0.0,8.0
Utilities,100-249,3,SC,16,4542760.0,67.0,0.0,41.0
Utilities,100-249,3,SD,1,318070.0,7.0,0.0,1.0
Utilities,100-249,3,TN,11,3012501.0,38.0,0.0,17.0
Utilities,100-249,3,TX,84,23970625.0,194.0,3.0,127.0
Utilities,100-249,3,UT,5,1345247.0,3.0,0.0,0.0
Utilities,100-249,3,VA,27,7627421.0,49.0,0.0,32.0
Utilities,100-249,3,VI,1,427493.0,2.0,0.0,2.0
Utilities,100-249,3,VT,5,1393210.0,13.0,0.0,7.0
Utilities,100-249,3,WA,18,4768576.0,68.0,0.0,37.0
Utilities,100-249,3,WI,15,4558997.0,41.0,0.0,23.0
Utilities,100-249,3,WV,11,3711816.0,21.0,0.0,14.0
Utilities,100-249,3,WY,4,1235307.0,4.0,0.0,1.0
Utilities,250+,4,AL,5,4255475.0,41.0,0.0,28.0
Utilities,250+,4,AR,3,3167454.0,2.0,0.0,0.0
Utilities,250+,4,AZ,9,29586561.0,211.0,0.0,135.0
Utilities,250+,4,CA,64,69576881.0,767.0,1.0,524.0
Utilities,250+,4,CO,2,1960344.0,9.0,0.0,3.0
Utilities,250+,4,CT,7,9104481.0,68.0,0.0,46.0
Utilities,250+,4,DC,2,1607216.0,1.0,0.0,1.0
Utilities,250+,4,DE,1,1346739.0,10.0,0.0,7.0
Utilities,250+,4,FL,5,4695006.0,25.0,0.0,15.0
Utilities,250+,4,GA,14,13664776.0,136.0,0.0,66.0
Utilities,250+,4,HI,4,4274597.0,46.0,0.0,30.0
Utilities,250+,4,IA,1,581440.0,0.0,0.0,0.0
Utilities,250+,4,IL,29,29267585.0,243.0,0.0,219.0
Utilities,250+,4,IN,8,8519402.0,42.0,0.0,13.0
Utilities,250+,4,KS,2,1978846.0,3.0,0.0,1.0
Utilities,250+,4,KY,5,4091372.0,24.0,0.0,15.0
Utilities,250+,4,LA,7,7781912.0,26.0,0.0,12.0
Utilities,250+,4,MA,12,14585844.0,90.0,0.0,60.0
Utilities,250+,4,MD,6,7699405.0,78.0,0.0,64.0
Utilities,250+,4,ME,1,886713.0,3.0,0.0,0.0
Utilities,250+,4,MI,20,18259684.0,150.0,0.0,83.0
Utilities,250+,4,MN,11,9321518.0,88.0,0.0,60.0
Utilities,250+,4,MO,6,4054081.0,82.0,0.0,39.0
Utilities,250+,4,MS,2,2195699.0,0.0,0.0,0.0
Utilities,250+,4,MT,1,520204.0,5.0,0.0,1.0
Utilities,250+,4,NC,13,13772338.0,156.0,0.0,116.0
Utilities,250+,4,NH,1,699249.0,0.0,0.0,0.0
Utilities,250+,4,NJ,12,21987839.0,96.0,0.0,63.0
Utilities,250+,4,NM,12,10823942.0,51.0,0.0,38.0
Utilities,250+,4,NV,9,8113131.0,52.0,0.0,30.0
Utilities,250+,4,NY,47,70867483.0,541.0,2.0,357.0
Utilities,250+,4,OH,16,27246536.0,80.0,0.0,54.0
Utilities,250+,4,OK,5,5305240.0,10.0,0.0,2.0
Utilities,250+,4,OR,7,7364427.0,16.0,0.0,7.0
Utilities,250+,4,PA,15,17271703.0,62.0,0.0,29.0
Utilities,250+,4,PW,1,7967700.0,225.0,0.0,142.0
Utilities,250+,4,RI,1,1317671.0,22.0,0.0,16.0
Utilities,250+,4,SC,11,8846640.0,48.0,2.0,42.0
Utilities,250+,4,SD,1,1172397.0,1.0,0.0,0.0
Utilities,250+,4,TN,4,4469345.0,75.0,0.0,51.0
Utilities,250+,4,TX,40,40550825.0,157.0,0.0,97.0
Utilities,250+,4,UT,2,1552905.0,17.0,0.0,15.0
Utilities,250+,4,VA,15,15154549.0,119.0,0.0,87.0
Utilities,250+,4,VI,1,600522.0,8.0,0.0,8.0
Utilities,250+,4,WA,11,12494440.0,106.0,0.0,52.0
Utilities,250+,4,WI,5,4269958.0,12.0,0.0,6.0
Utilities,250+,4,WV,2,1755293.0,15.0,0.0,7.0
Wholesale Trade,Under 20,1,AK,14,276785.0,8.0,0.0,7.0
Wholesale Trade,Under 20,1,AL,227,3931647.0,51.0,0.0,27.0
Wholesale Trade,Under 20,1,AR,152,2330587.0,32.0,0.0,23.0
Wholesale Trade,Under 20,1,AZ,204,3155252.0,63.0,1.0,56.0
Wholesale Trade,Under 20,1,CA,1046,14410759.0,291.0,0.0,249.0
Wholesale Trade,Under 20,1,CO,230,3452413.0,75.0,0.0,56.0
Wholesale Trade,Under 20,1,CT,157,2150584.0,57.0,0.0,40.0
Wholesale Trade,Under 20,1,DC,27,261472.0,1.0,0.0,1.0
Wholesale Trade,Under 20,1,DE,47,674862.0,21.0,0.0,15.0
Wholesale Trade,Under 20,1,FL,571,9022396.0,160.0,0.0,109.0
Wholesale Trade,Under 20,1,GA,431,7327857.0,117.0,0.0,84.0
Wholesale Trade,Under 20,1,GU,1,29120.0,1.0,0.0,1.0
Wholesale Trade,Under 20,1,HI,39,684668.0,10.0,0.0,10.0
Wholesale Trade,Under 20,1,IA,240,4480761.0,112.0,1.0,58.0
Wholesale Trade,Under 20,1,ID,89,1625180.0,35.0,0.0,28.0
Wholesale Trade,Under 20,1,IL,513,8621926.0,195.0,1.0,119.0
Wholesale Trade,Under 20,1,IN,319,5927880.0,145.0,0.0,97.0
Wholesale Trade,Under 20,1,KS,114,2027511.0,31.0,0.0,22.0
Wholesale Trade,Under 20,1,KY,180,2972699.0,48.0,0.0,30.0
Wholesale Trade,Under 20,1,LA,190,3177052.0,27.0,0.0,14.0
Wholesale Trade,Under 20,1,MA,212,3013682.0,56.0,0.0,43.0
Wholesale Trade,Under 20,1,MD,140,2110829.0,42.0,0.0,33.0
Wholesale Trade,Under 20,1,ME,70,1018306.0,23.0,0.0,16.0
Wholesale Trade,Under 20,1,MI,429,8123812.0,186.0,0.0,120.0
Wholesale Trade,Under 20,1,MN,260,4426941.0,110.0,0.0,69.0
Wholesale Trade,Under 20,1,MO,246,4257586.0,86.0,0.0,67.0
Wholesale Trade,Under 20,1,MS,105,1699246.0,21.0,0.0,17.0
Wholesale Trade,Under 20,1,MT,64,1019205.0,21.0,0.0,16.0
Wholesale Trade,Under 20,1,NC,389,6653417.0,105.0,0.0,80.0
Wholesale Trade,Under 20,1,ND,76,1495793.0,22.0,0.0,9.0
Wholesale Trade,Under 20,1,NE,114,1649666.0,24.0,0.0,15.0
Wholesale Trade,Under 20,1,NH,61,1111555.0,21.0,0.0,14.0
Wholesale Trade,Under 20,1,NJ,223,3514345.0,91.0,0.0,61.0
Wholesale Trade,Under 20,1,NM,73,1120381.0,26.0,0.0,22.0
Wholesale Trade,Under 20,1,NV,100,1574625.0,36.0,0.0,31.0
Wholesale Trade,Under 20,1,NY,454,6505768.0,140.0,0.0,86.0
Wholesale Trade,Under 20,1,OH,493,7885507.0,153.0,0.0,110.0
Wholesale Trade,Under 20,1,OK,118,2108330.0,44.0,0.0,32.0
Wholesale Trade,Under 20,1,OR,154,2331299.0,55.0,0.0,42.0
Wholesale Trade,Under 20,1,PA,449,6575629.0,105.0,0.0,65.0
Wholesale Trade,Under 20,1,PR,8,143555.0,1.0,0.0,1.0
Wholesale Trade,Under 20,1,RI,34,501638.0,10.0,0.0,7.0
Wholesale Trade,Under 20,1,SC,184,2821959.0,57.0,0.0,47.0
Wholesale Trade,Under 20,1,SD,92,1471543.0,22.0,0.0,13.0
Wholesale Trade,Under 20,1,TN,317,5542533.0,78.0,0.0,58.0
Wholesale Trade,Under 20,1,TX,881,13940299.0,208.0,0.0,159.0
Wholesale Trade,Under 20,1,UT,125,2055269.0,28.0,0.0,15.0
Wholesale Trade,Under 20,1,VA,292,4414943.0,85.0,0.0,64.0
Wholesale Trade,Under 20,1,VT,38,631828.0,23.0,0.0,12.0
Wholesale Trade,Under 20,1,WA,265,4062058.0,68.0,0.0,54.0
Wholesale Trade,Under 20,1,WI,263,3968690.0,81.0,1.0,55.0
Wholesale Trade,Under 20,1,WV,55,1123578.0,24.0,0.0,15.0
Wholesale Trade,Under 20,1,WY,33,627735.0,7.0,0.0,6.0
Wholesale Trade,20-99,2,AK,21,1514192.0,20.0,0.0,17.0
Wholesale Trade,20-99,2,AL,207,16479399.0,226.0,1.0,172.0
Wholesale Trade,20-99,2,AR,122,9061806.0,129.0,2.0,87.0
Wholesale Trade,20-99,2,AS,1,57202.0,1.0,0.0,1.0
Wholesale Trade,20-99,2,AZ,261,20709773.0,293.0,0.0,216.0
Wholesale Trade,20-99,2,CA,1224,101229995.0,1816.0,2.0,1407.0
Wholesale Trade,20-99,2,CO,265,20511599.0,418.0,1.0,296.0
Wholesale Trade,20-99,2,CT,146,11674583.0,224.0,1.0,179.0
Wholesale Trade,20-99,2,DC,6,624398.0,16.0,0.0,14.0
Wholesale Trade,20-99,2,DE,38,2922938.0,65.0,0.0,51.0
Wholesale Trade,20-99,2,FL,806,65666416.0,1035.0,3.0,738.0
Wholesale Trade,20-99,2,GA,527,42588142.0,678.0,2.0,520.0
Wholesale Trade,20-99,2,HI,45,3510859.0,42.0,0.0,34.0
Wholesale Trade,20-99,2,IA,324,23663327.0,478.0,0.0,287.0
Wholesale Trade,20-99,2,ID,94,6558310.0,135.0,0.0,86.0
Wholesale Trade,20-99,2,IL,645,52130620.0,786.0,0.0,553.0
Wholesale Trade,20-99,2,IN,416,32931422.0,493.0,1.0,319.0
Wholesale Trade,20-99,2,KS,235,17963862.0,279.0,0.0,195.0
Wholesale Trade,20-99,2,KY,224,16166111.0,271.0,4.0,181.0
Wholesale Trade,20-99,2,LA,191,15261419.0,139.0,1.0,88.0
Wholesale Trade,20-99,2,MA,246,20545969.0,403.0,0.0,301.0
Wholesale Trade,20-99,2,MD,170,13985457.0,234.0,0.0,193.0
Wholesale Trade,20-99,2,ME,60,4728334.0,133.0,0.0,110.0
Wholesale Trade,20-99,2,MI,499,40782124.0,755.0,0.0,517.0
Wholesale Trade,20-99,2,MN,345,26426397.0,584.0,0.0,370.0
Wholesale Trade,20-99,2,MO,335,26223633.0,523.0,0.0,389.0
Wholesale Trade,20-99,2,MP,1,60885.0,0.0,0.0,0.0
Wholesale Trade,20-99,2,MS,104,8702643.0,75.0,2.0,51.0
Wholesale Trade,20-99,2,MT,53,3885267.0,114.0,0.0,79.0
Wholesale Trade,20-99,2,NC,459,37352626.0,499.0,0.0,379.0
Wholesale Trade,20-99,2,ND,106,8135583.0,170.0,0.0,82.0
Wholesale Trade,20-99,2,NE,135,9388897.0,160.0,0.0,98.0
Wholesale Trade,20-99,2,NH,75,5717012.0,109.0,0.0,67.0
Wholesale Trade,20-99,2,NJ,269,23510138.0,425.0,1.0,345.0
Wholesale Trade,20-99,2,NM,54,3888075.0,68.0,0.0,50.0
Wholesale Trade,20-99,2,NV,110,8610433.0,173.0,0.0,128.0
Wholesale Trade,20-99,2,NY,490,37482994.0,672.0,0.0,499.0
Wholesale Trade,20-99,2,OH,700,56623156.0,782.0,0.0,541.0
Wholesale Trade,20-99,2,OK,160,11789305.0,208.0,0.0,151.0
Wholesale Trade,20-99,2,OR,193,15594987.0,293.0,0.0,217.0
Wholesale Trade,20-99,2,PA,576,47632890.0,929.0,1.0,666.0
Wholesale Trade,20-99,2,PR,30,2486910.0,37.0,0.0,33.0
Wholesale Trade,20-99,2,RI,40,3419443.0,60.0,0.0,52.0
Wholesale Trade,20-99,2,SC,202,15726552.0,220.0,0.0,174.0
Wholesale Trade,20-99,2,SD,84,6396468.0,167.0,0.0,106.0
Wholesale Trade,20-99,2,TN,336,25982528.0,372.0,1.0,269.0
Wholesale Trade,20-99,2,TX,1333,113125771.0,1535.0,1.0,1165.0
Wholesale Trade,20-99,2,UT,132,10610545.0,200.0,0.0,118.0
Wholesale Trade,20-99,2,VA,250,18957473.0,279.0,0.0,200.0
Wholesale Trade,20-99,2,VT,15,1442401.0,26.0,0.0,21.0
Wholesale Trade,20-99,2,WA,294,23612342.0,495.0,0.0,377.0
Wholesale Trade,20-99,2,WI,404,31922130.0,553.0,0.0,390.0
Wholesale Trade,20-99,2,WV,55,3916395.0,87.0,0.0,70.0
Wholesale Trade,20-99,2,WY,22,1545773.0,33.0,0.0,18.0
Wholesale Trade,100-249,3,AK,4,1132654.0,24.0,0.0,15.0
Wholesale Trade,100-249,3,AL,31,9496762.0,193.0,0.0,149.0
Wholesale Trade,100-249,3,AR,17,4712853.0,83.0,0.0,58.0
Wholesale Trade,100-249,3,AZ,46,14160644.0,287.0,0.0,214.0
Wholesale Trade,100-249,3,CA,264,78623576.0,1855.0,1.0,1579.0
Wholesale Trade,100-249,3,CO,39,11472334.0,285.0,0.0,234.0
Wholesale Trade,100-249,3,CT,23,6644024.0,233.0,0.0,210.0
Wholesale Trade,100-249,3,DC,1,251000.0,1.0,0.0,1.0
Wholesale Trade,100-249,3,DE,5,1293412.0,34.0,0.0,25.0
Wholesale Trade,100-249,3,FL,138,40940225.0,820.0,0.0,643.0
Wholesale Trade,100-249,3,GA,111,34501094.0,554.0,0.0,421.0
Wholesale Trade,100-249,3,GU,1,220330.0,1.0,0.0,1.0
Wholesale Trade,100-249,3,HI,10,2836077.0,68.0,0.0,60.0
Wholesale Trade,100-249,3,IA,52,14190480.0,261.0,0.0,188.0
Wholesale Trade,100-249,3,ID,12,3402446.0,91.0,0.0,62.0
Wholesale Trade,100-249,3,IL,157,47243144.0,848.0,1.0,684.0
Wholesale Trade,100-249,3,IN,50,14495061.0,249.0,0.0,179.0
Wholesale Trade,100-249,3,KS,23,7141617.0,100.0,0.0,84.0
Wholesale Trade,100-249,3,KY,36,10896590.0,266.0,0.0,181.0
Wholesale Trade,100-249,3,LA,30,9079944.0,140.0,0.0,108.0
Wholesale Trade,100-249,3,MA,53,14360997.0,365.0,0.0,292.0
Wholesale Trade,100-249,3,MD,45,13071152.0,330.0,1.0,278.0
Wholesale Trade,100-249,3,ME,8,2741487.0,132.0,0.0,117.0
Wholesale Trade,100-249,3,MI,100,28366583.0,524.0,0.0,411.0
Wholesale Trade,100-249,3,MN,69,18802485.0,436.0,1.0,334.0
Wholesale Trade,100-249,3,MO,58,17751354.0,252.0,0.0,209.0
Wholesale Trade,100-249,3,MS,28,7532099.0,106.0,0.0,83.0
Wholesale Trade,100-249,3,MT,2,499377.0,13.0,0.0,7.0
Wholesale Trade,100-249,3,NC,77,22670280.0,308.0,0.0,218.0
Wholesale Trade,100-249,3,ND,8,2127642.0,58.0,0.0,43.0
Wholesale Trade,100-249,3,NE,22,6559612.0,163.0,0.0,129.0
Wholesale Trade,100-249,3,NH,12,3367550.0,77.0,0.0,51.0
Wholesale Trade,100-249,3,NJ,85,26351700.0,584.0,0.0,483.0
Wholesale Trade,100-249,3,NM,8,2121625.0,48.0,0.0,41.0
Wholesale Trade,100-249,3,NV,18,4627500.0,111.0,0.0,92.0
Wholesale Trade,100-249,3,NY,94,29143939.0,597.0,2.0,512.0
Wholesale Trade,100-249,3,OH,160,44310644.0,695.0,0.0,503.0
Wholesale Trade,100-249,3,OK,23,7095509.0,100.0,0.0,73.0
Wholesale Trade,100-249,3,OR,34,10407592.0,263.0,0.0,205.0
Wholesale Trade,100-249,3,PA,123,34138454.0,766.0,0.0,586.0
Wholesale Trade,100-249,3,PR,8,2050079.0,43.0,0.0,38.0
Wholesale Trade,100-249,3,RI,9,2872765.0,29.0,0.0,19.0
Wholesale Trade,100-249,3,SC,38,12125772.0,246.0,1.0,202.0
Wholesale Trade,100-249,3,SD,5,1409715.0,23.0,0.0,11.0
Wholesale Trade,100-249,3,TN,80,25680084.0,397.0,0.0,316.0
Wholesale Trade,100-249,3,TX,248,73728063.0,1156.0,1.0,914.0
Wholesale Trade,100-249,3,UT,17,5411208.0,141.0,0.0,95.0
Wholesale Trade,100-249,3,VA,52,14769654.0,313.0,0.0,257.0
Wholesale Trade,100-249,3,VT,7,1975903.0,64.0,0.0,57.0
Wholesale Trade,100-249,3,WA,66,19227336.0,451.0,0.0,337.0
Wholesale Trade,100-249,3,WI,80,24643204.0,467.0,0.0,372.0
Wholesale Trade,100-249,3,WV,14,4138651.0,99.0,0.0,75.0
Wholesale Trade,100-249,3,WY,1,455292.0,0.0,0.0,0.0
Wholesale Trade,250+,4,AL,18,17370526.0,224.0,0.0,180.0
Wholesale Trade,250+,4,AR,9,6399661.0,78.0,0.0,52.0
Wholesale Trade,250+,4,AZ,36,32855172.0,500.0,0.0,406.0
Wholesale Trade,250+,4,CA,140,132748853.0,2935.0,0.0,2434.0
Wholesale Trade,250+,4,CO,23,21678841.0,506.0,1.0,429.0
Wholesale Trade,250+,4,CT,18,14492991.0,389.0,0.0,352.0
Wholesale Trade,250+,4,DE,1,398296.0,9.0,0.0,9.0
Wholesale Trade,250+,4,FL,83,72549922.0,1124.0,0.0,901.0
Wholesale Trade,250+,4,GA,65,61137946.0,915.0,0.0,771.0
Wholesale Trade,250+,4,HI,1,1086062.0,26.0,0.0,21.0
Wholesale Trade,250+,4,IA,5,4296765.0,76.0,0.0,58.0
Wholesale Trade,250+,4,ID,5,3074334.0,95.0,0.0,61.0
Wholesale Trade,250+,4,IL,92,113294088.0,1292.0,0.0,1073.0
Wholesale Trade,250+,4,IN,29,32078893.0,504.0,1.0,398.0
Wholesale Trade,250+,4,KS,18,13597627.0,273.0,0.0,227.0
Wholesale Trade,250+,4,KY,20,14140368.0,306.0,0.0,235.0
Wholesale Trade,250+,4,LA,11,7086098.0,88.0,0.0,60.0
Wholesale Trade,250+,4,MA,22,19636454.0,508.0,0.0,457.0
Wholesale Trade,250+,4,MD,18,14678953.0,361.0,0.0,304.0
Wholesale Trade,250+,4,ME,4,2297638.0,61.0,0.0,55.0
Wholesale Trade,250+,4,MI,44,38329639.0,660.0,0.0,519.0
Wholesale Trade,250+,4,MN,27,26896801.0,471.0,2.0,386.0
Wholesale Trade,250+,4,MO,33,48848713.0,695.0,0.0,555.0
Wholesale Trade,250+,4,MS,14,11276133.0,190.0,0.0,158.0
Wholesale Trade,250+,4,MT,1,819423.0,22.0,0.0,19.0
Wholesale Trade,250+,4,NC,42,44222321.0,654.0,0.0,559.0
Wholesale Trade,250+,4,ND,1,1237080.0,0.0,0.0,0.0
Wholesale Trade,250+,4,NE,4,2550702.0,39.0,0.0,24.0
Wholesale Trade,250+,4,NH,9,7641440.0,201.0,0.0,181.0
Wholesale Trade,250+,4,NJ,50,48281084.0,960.0,0.0,806.0
Wholesale Trade,250+,4,NM,4,2644600.0,79.0,0.0,73.0
Wholesale Trade,250+,4,NV,15,13053888.0,211.0,0.0,164.0
Wholesale Trade,250+,4,NY,50,51970052.0,1145.0,1.0,941.0
Wholesale Trade,250+,4,OH,69,58485876.0,759.0,0.0,625.0
Wholesale Trade,250+,4,OK,11,9357642.0,127.0,0.0,92.0
Wholesale Trade,250+,4,OR,9,4920784.0,105.0,0.0,73.0
Wholesale Trade,250+,4,PA,64,63041099.0,1012.0,0.0,838.0
Wholesale Trade,250+,4,PR,4,4374201.0,36.0,0.0,31.0
Wholesale Trade,250+,4,SC,16,14233599.0,261.0,0.0,209.0
Wholesale Trade,250+,4,SD,3,1955936.0,29.0,0.0,17.0
Wholesale Trade,250+,4,TN,36,27820705.0,415.0,0.0,317.0
Wholesale Trade,250+,4,TX,141,164754836.0,1979.0,0.0,1609.0
Wholesale Trade,250+,4,UT,13,13988277.0,271.0,0.0,195.0
Wholesale Trade,250+,4,VA,33,34862538.0,440.0,0.0,375.0
Wholesale Trade,250+,4,VT,6,4420538.0,30.0,0.0,27.0
Wholesale Trade,250+,4,WA,25,23266871.0,527.0,0.0,477.0
Wholesale Trade,250+,4,WI,41,34658650.0,408.0,0.0,325.0
Wholesale Trade,250+,4,WV,2,1251903.0,30.0,0.0,28.0
Wholesale Trade,250+,4,WY,1,516048.0,3.0,0.0,1.0
